[02:23:12][jomini_script_system.cpp:247]: Script system error!
  Error: remove_modifier effect [ Timed modifier rome_rebuilding_4 in scope object 国家 罗马帝国（88） not found. Make sure the modifier is in the same scope as this effect is being run on. ]
  Script location: common/journal_entries/rome_agenda_journal.txt:35

[02:23:12][jomini_script_system.cpp:247]: Script system error!
  Error: remove_modifier effect [ Timed modifier rome_viae_romanae in scope object 国家 罗马帝国（88） not found. Make sure the modifier is in the same scope as this effect is being run on. ]
  Script location: common/journal_entries/rome_agenda_journal.txt:36

[02:23:12][jomini_script_system.cpp:247]: Script system error!
  Error: remove_modifier effect [ Timed modifier rome_rebuilding_2 in scope object 国家 罗马帝国（88） not found. Make sure the modifier is in the same scope as this effect is being run on. ]
  Script location: common/journal_entries/rome_agenda_journal.txt:33

[02:23:12][jomini_script_system.cpp:247]: Script system error!
  Error: remove_modifier effect [ Timed modifier rome_rebuilding_3 in scope object 国家 罗马帝国（88） not found. Make sure the modifier is in the same scope as this effect is being run on. ]
  Script location: common/journal_entries/rome_agenda_journal.txt:34

[02:23:12][jomini_script_system.cpp:247]: Script system error!
  Error: remove_modifier effect [ Timed modifier rome_rebuilding_4 in scope object 国家 罗马帝国（88） not found. Make sure the modifier is in the same scope as this effect is being run on. ]
  Script location: common/journal_entries/rome_agenda_journal.txt:35

[02:23:12][jomini_script_system.cpp:247]: Script system error!
  Error: remove_modifier effect [ Timed modifier rome_viae_romanae in scope object 国家 罗马帝国（88） not found. Make sure the modifier is in the same scope as this effect is being run on. ]
  Script location: common/journal_entries/rome_agenda_journal.txt:36

[02:23:13][jomini_script_system.cpp:247]: Script system error!
  Error: remove_modifier effect [ Timed modifier rome_rebuilding_2 in scope object 国家 罗马帝国（88） not found. Make sure the modifier is in the same scope as this effect is being run on. ]
  Script location: common/journal_entries/rome_agenda_journal.txt:33

[02:23:13][jomini_script_system.cpp:247]: Script system error!
  Error: remove_modifier effect [ Timed modifier rome_rebuilding_3 in scope object 国家 罗马帝国（88） not found. Make sure the modifier is in the same scope as this effect is being run on. ]
  Script location: common/journal_entries/rome_agenda_journal.txt:34

[02:23:13][jomini_script_system.cpp:247]: Script system error!
  Error: remove_modifier effect [ Timed modifier rome_rebuilding_4 in scope object 国家 罗马帝国（88） not found. Make sure the modifier is in the same scope as this effect is being run on. ]
  Script location: common/journal_entries/rome_agenda_journal.txt:35

[02:23:13][jomini_script_system.cpp:247]: Script system error!
  Error: remove_modifier effect [ Timed modifier rome_viae_romanae in scope object 国家 罗马帝国（88） not found. Make sure the modifier is in the same scope as this effect is being run on. ]
  Script location: common/journal_entries/rome_agenda_journal.txt:36

[02:23:13][jomini_script_system.cpp:247]: Script system error!
  Error: remove_modifier effect [ Timed modifier rome_rebuilding_2 in scope object 国家 罗马帝国（88） not found. Make sure the modifier is in the same scope as this effect is being run on. ]
  Script location: common/journal_entries/rome_agenda_journal.txt:33

[02:23:13][jomini_script_system.cpp:247]: Script system error!
  Error: remove_modifier effect [ Timed modifier rome_rebuilding_3 in scope object 国家 罗马帝国（88） not found. Make sure the modifier is in the same scope as this effect is being run on. ]
  Script location: common/journal_entries/rome_agenda_journal.txt:34

[02:23:13][jomini_script_system.cpp:247]: Script system error!
  Error: remove_modifier effect [ Timed modifier rome_rebuilding_4 in scope object 国家 罗马帝国（88） not found. Make sure the modifier is in the same scope as this effect is being run on. ]
  Script location: common/journal_entries/rome_agenda_journal.txt:35

[02:23:13][jomini_script_system.cpp:247]: Script system error!
  Error: remove_modifier effect [ Timed modifier rome_viae_romanae in scope object 国家 罗马帝国（88） not found. Make sure the modifier is in the same scope as this effect is being run on. ]
  Script location: common/journal_entries/rome_agenda_journal.txt:36

[02:23:13][jomini_script_system.cpp:247]: Script system error!
  Error: remove_modifier effect [ Timed modifier rome_rebuilding_2 in scope object 国家 罗马帝国（88） not found. Make sure the modifier is in the same scope as this effect is being run on. ]
  Script location: common/journal_entries/rome_agenda_journal.txt:33

[02:23:13][jomini_script_system.cpp:247]: Script system error!
  Error: remove_modifier effect [ Timed modifier rome_rebuilding_3 in scope object 国家 罗马帝国（88） not found. Make sure the modifier is in the same scope as this effect is being run on. ]
  Script location: common/journal_entries/rome_agenda_journal.txt:34

[02:23:13][jomini_script_system.cpp:247]: Script system error!
  Error: remove_modifier effect [ Timed modifier rome_rebuilding_4 in scope object 国家 罗马帝国（88） not found. Make sure the modifier is in the same scope as this effect is being run on. ]
  Script location: common/journal_entries/rome_agenda_journal.txt:35

[02:23:13][jomini_script_system.cpp:247]: Script system error!
  Error: remove_modifier effect [ Timed modifier rome_viae_romanae in scope object 国家 罗马帝国（88） not found. Make sure the modifier is in the same scope as this effect is being run on. ]
  Script location: common/journal_entries/rome_agenda_journal.txt:36

[02:23:13][jomini_script_system.cpp:247]: Script system error!
  Error: remove_modifier effect [ Timed modifier rome_rebuilding_2 in scope object 国家 罗马帝国（88） not found. Make sure the modifier is in the same scope as this effect is being run on. ]
  Script location: common/journal_entries/rome_agenda_journal.txt:33

[02:23:13][jomini_script_system.cpp:247]: Script system error!
  Error: remove_modifier effect [ Timed modifier rome_rebuilding_3 in scope object 国家 罗马帝国（88） not found. Make sure the modifier is in the same scope as this effect is being run on. ]
  Script location: common/journal_entries/rome_agenda_journal.txt:34

[02:23:13][jomini_script_system.cpp:247]: Script system error!
  Error: remove_modifier effect [ Timed modifier rome_rebuilding_4 in scope object 国家 罗马帝国（88） not found. Make sure the modifier is in the same scope as this effect is being run on. ]
  Script location: common/journal_entries/rome_agenda_journal.txt:35

[02:23:13][jomini_script_system.cpp:247]: Script system error!
  Error: remove_modifier effect [ Timed modifier rome_viae_romanae in scope object 国家 罗马帝国（88） not found. Make sure the modifier is in the same scope as this effect is being run on. ]
  Script location: common/journal_entries/rome_agenda_journal.txt:36

[02:23:13][jomini_script_system.cpp:247]: Script system error!
  Error: remove_modifier effect [ Timed modifier rome_rebuilding_2 in scope object 国家 罗马帝国（88） not found. Make sure the modifier is in the same scope as this effect is being run on. ]
  Script location: common/journal_entries/rome_agenda_journal.txt:33

[02:23:13][jomini_script_system.cpp:247]: Script system error!
  Error: remove_modifier effect [ Timed modifier rome_rebuilding_3 in scope object 国家 罗马帝国（88） not found. Make sure the modifier is in the same scope as this effect is being run on. ]
  Script location: common/journal_entries/rome_agenda_journal.txt:34

[02:23:13][jomini_script_system.cpp:247]: Script system error!
  Error: remove_modifier effect [ Timed modifier rome_rebuilding_4 in scope object 国家 罗马帝国（88） not found. Make sure the modifier is in the same scope as this effect is being run on. ]
  Script location: common/journal_entries/rome_agenda_journal.txt:35

[02:23:13][jomini_script_system.cpp:247]: Script system error!
  Error: remove_modifier effect [ Timed modifier rome_viae_romanae in scope object 国家 罗马帝国（88） not found. Make sure the modifier is in the same scope as this effect is being run on. ]
  Script location: common/journal_entries/rome_agenda_journal.txt:36

[02:23:13][jomini_script_system.cpp:247]: Script system error!
  Error: remove_modifier effect [ Timed modifier rome_rebuilding_2 in scope object 国家 罗马帝国（88） not found. Make sure the modifier is in the same scope as this effect is being run on. ]
  Script location: common/journal_entries/rome_agenda_journal.txt:33

[02:23:13][jomini_script_system.cpp:247]: Script system error!
  Error: remove_modifier effect [ Timed modifier rome_rebuilding_3 in scope object 国家 罗马帝国（88） not found. Make sure the modifier is in the same scope as this effect is being run on. ]
  Script location: common/journal_entries/rome_agenda_journal.txt:34

[02:23:13][jomini_script_system.cpp:247]: Script system error!
  Error: remove_modifier effect [ Timed modifier rome_rebuilding_4 in scope object 国家 罗马帝国（88） not found. Make sure the modifier is in the same scope as this effect is being run on. ]
  Script location: common/journal_entries/rome_agenda_journal.txt:35

[02:23:13][jomini_script_system.cpp:247]: Script system error!
  Error: remove_modifier effect [ Timed modifier rome_viae_romanae in scope object 国家 罗马帝国（88） not found. Make sure the modifier is in the same scope as this effect is being run on. ]
  Script location: common/journal_entries/rome_agenda_journal.txt:36

[02:23:13][jomini_script_system.cpp:247]: Script system error!
  Error: remove_modifier effect [ Timed modifier rome_rebuilding_2 in scope object 国家 罗马帝国（88） not found. Make sure the modifier is in the same scope as this effect is being run on. ]
  Script location: common/journal_entries/rome_agenda_journal.txt:33

[02:23:13][jomini_script_system.cpp:247]: Script system error!
  Error: remove_modifier effect [ Timed modifier rome_rebuilding_3 in scope object 国家 罗马帝国（88） not found. Make sure the modifier is in the same scope as this effect is being run on. ]
  Script location: common/journal_entries/rome_agenda_journal.txt:34

[02:23:13][jomini_script_system.cpp:247]: Script system error!
  Error: remove_modifier effect [ Timed modifier rome_rebuilding_4 in scope object 国家 罗马帝国（88） not found. Make sure the modifier is in the same scope as this effect is being run on. ]
  Script location: common/journal_entries/rome_agenda_journal.txt:35

[02:23:13][jomini_script_system.cpp:247]: Script system error!
  Error: remove_modifier effect [ Timed modifier rome_viae_romanae in scope object 国家 罗马帝国（88） not found. Make sure the modifier is in the same scope as this effect is being run on. ]
  Script location: common/journal_entries/rome_agenda_journal.txt:36

[02:23:13][jomini_script_system.cpp:247]: Script system error!
  Error: remove_modifier effect [ Timed modifier rome_rebuilding_2 in scope object 国家 罗马帝国（88） not found. Make sure the modifier is in the same scope as this effect is being run on. ]
  Script location: common/journal_entries/rome_agenda_journal.txt:33

[02:23:13][jomini_script_system.cpp:247]: Script system error!
  Error: remove_modifier effect [ Timed modifier rome_rebuilding_3 in scope object 国家 罗马帝国（88） not found. Make sure the modifier is in the same scope as this effect is being run on. ]
  Script location: common/journal_entries/rome_agenda_journal.txt:34

[02:23:13][jomini_script_system.cpp:247]: Script system error!
  Error: remove_modifier effect [ Timed modifier rome_rebuilding_4 in scope object 国家 罗马帝国（88） not found. Make sure the modifier is in the same scope as this effect is being run on. ]
  Script location: common/journal_entries/rome_agenda_journal.txt:35

[02:23:13][jomini_script_system.cpp:247]: Script system error!
  Error: remove_modifier effect [ Timed modifier rome_viae_romanae in scope object 国家 罗马帝国（88） not found. Make sure the modifier is in the same scope as this effect is being run on. ]
  Script location: common/journal_entries/rome_agenda_journal.txt:36

[02:23:13][jomini_script_system.cpp:247]: Script system error!
  Error: remove_modifier effect [ Timed modifier rome_rebuilding_2 in scope object 国家 罗马帝国（88） not found. Make sure the modifier is in the same scope as this effect is being run on. ]
  Script location: common/journal_entries/rome_agenda_journal.txt:33

[02:23:13][jomini_script_system.cpp:247]: Script system error!
  Error: remove_modifier effect [ Timed modifier rome_rebuilding_3 in scope object 国家 罗马帝国（88） not found. Make sure the modifier is in the same scope as this effect is being run on. ]
  Script location: common/journal_entries/rome_agenda_journal.txt:34

[02:23:13][jomini_script_system.cpp:247]: Script system error!
  Error: remove_modifier effect [ Timed modifier rome_rebuilding_4 in scope object 国家 罗马帝国（88） not found. Make sure the modifier is in the same scope as this effect is being run on. ]
  Script location: common/journal_entries/rome_agenda_journal.txt:35

[02:23:13][jomini_script_system.cpp:247]: Script system error!
  Error: remove_modifier effect [ Timed modifier rome_viae_romanae in scope object 国家 罗马帝国（88） not found. Make sure the modifier is in the same scope as this effect is being run on. ]
  Script location: common/journal_entries/rome_agenda_journal.txt:36

[02:23:13][jomini_script_system.cpp:247]: Script system error!
  Error: remove_modifier effect [ Timed modifier rome_rebuilding_2 in scope object 国家 罗马帝国（88） not found. Make sure the modifier is in the same scope as this effect is being run on. ]
  Script location: common/journal_entries/rome_agenda_journal.txt:33

[02:23:13][jomini_script_system.cpp:247]: Script system error!
  Error: remove_modifier effect [ Timed modifier rome_rebuilding_3 in scope object 国家 罗马帝国（88） not found. Make sure the modifier is in the same scope as this effect is being run on. ]
  Script location: common/journal_entries/rome_agenda_journal.txt:34

[02:23:13][jomini_script_system.cpp:247]: Script system error!
  Error: remove_modifier effect [ Timed modifier rome_rebuilding_4 in scope object 国家 罗马帝国（88） not found. Make sure the modifier is in the same scope as this effect is being run on. ]
  Script location: common/journal_entries/rome_agenda_journal.txt:35

[02:23:13][jomini_script_system.cpp:247]: Script system error!
  Error: remove_modifier effect [ Timed modifier rome_viae_romanae in scope object 国家 罗马帝国（88） not found. Make sure the modifier is in the same scope as this effect is being run on. ]
  Script location: common/journal_entries/rome_agenda_journal.txt:36

[02:23:13][jomini_script_system.cpp:247]: Script system error!
  Error: remove_modifier effect [ Timed modifier rome_rebuilding_2 in scope object 国家 罗马帝国（88） not found. Make sure the modifier is in the same scope as this effect is being run on. ]
  Script location: common/journal_entries/rome_agenda_journal.txt:33

[02:23:13][jomini_script_system.cpp:247]: Script system error!
  Error: remove_modifier effect [ Timed modifier rome_rebuilding_3 in scope object 国家 罗马帝国（88） not found. Make sure the modifier is in the same scope as this effect is being run on. ]
  Script location: common/journal_entries/rome_agenda_journal.txt:34

[02:23:13][jomini_script_system.cpp:247]: Script system error!
  Error: remove_modifier effect [ Timed modifier rome_rebuilding_4 in scope object 国家 罗马帝国（88） not found. Make sure the modifier is in the same scope as this effect is being run on. ]
  Script location: common/journal_entries/rome_agenda_journal.txt:35

[02:23:13][jomini_script_system.cpp:247]: Script system error!
  Error: remove_modifier effect [ Timed modifier rome_viae_romanae in scope object 国家 罗马帝国（88） not found. Make sure the modifier is in the same scope as this effect is being run on. ]
  Script location: common/journal_entries/rome_agenda_journal.txt:36

[02:23:13][jomini_script_system.cpp:247]: Script system error!
  Error: remove_modifier effect [ Timed modifier rome_rebuilding_2 in scope object 国家 罗马帝国（88） not found. Make sure the modifier is in the same scope as this effect is being run on. ]
  Script location: common/journal_entries/rome_agenda_journal.txt:33

[02:23:13][jomini_script_system.cpp:247]: Script system error!
  Error: remove_modifier effect [ Timed modifier rome_rebuilding_3 in scope object 国家 罗马帝国（88） not found. Make sure the modifier is in the same scope as this effect is being run on. ]
  Script location: common/journal_entries/rome_agenda_journal.txt:34

[02:23:13][jomini_script_system.cpp:247]: Script system error!
  Error: remove_modifier effect [ Timed modifier rome_rebuilding_4 in scope object 国家 罗马帝国（88） not found. Make sure the modifier is in the same scope as this effect is being run on. ]
  Script location: common/journal_entries/rome_agenda_journal.txt:35

[02:23:13][jomini_script_system.cpp:247]: Script system error!
  Error: remove_modifier effect [ Timed modifier rome_viae_romanae in scope object 国家 罗马帝国（88） not found. Make sure the modifier is in the same scope as this effect is being run on. ]
  Script location: common/journal_entries/rome_agenda_journal.txt:36

[02:23:13][jomini_script_system.cpp:247]: Script system error!
  Error: remove_modifier effect [ Timed modifier rome_rebuilding_2 in scope object 国家 罗马帝国（88） not found. Make sure the modifier is in the same scope as this effect is being run on. ]
  Script location: common/journal_entries/rome_agenda_journal.txt:33

[02:23:13][jomini_script_system.cpp:247]: Script system error!
  Error: remove_modifier effect [ Timed modifier rome_rebuilding_3 in scope object 国家 罗马帝国（88） not found. Make sure the modifier is in the same scope as this effect is being run on. ]
  Script location: common/journal_entries/rome_agenda_journal.txt:34

[02:23:13][jomini_script_system.cpp:247]: Script system error!
  Error: remove_modifier effect [ Timed modifier rome_rebuilding_4 in scope object 国家 罗马帝国（88） not found. Make sure the modifier is in the same scope as this effect is being run on. ]
  Script location: common/journal_entries/rome_agenda_journal.txt:35

[02:23:13][jomini_script_system.cpp:247]: Script system error!
  Error: remove_modifier effect [ Timed modifier rome_viae_romanae in scope object 国家 罗马帝国（88） not found. Make sure the modifier is in the same scope as this effect is being run on. ]
  Script location: common/journal_entries/rome_agenda_journal.txt:36

[02:23:13][jomini_script_system.cpp:247]: Script system error!
  Error: remove_modifier effect [ Timed modifier rome_rebuilding_2 in scope object 国家 罗马帝国（88） not found. Make sure the modifier is in the same scope as this effect is being run on. ]
  Script location: common/journal_entries/rome_agenda_journal.txt:33

[02:23:13][jomini_script_system.cpp:247]: Script system error!
  Error: remove_modifier effect [ Timed modifier rome_rebuilding_3 in scope object 国家 罗马帝国（88） not found. Make sure the modifier is in the same scope as this effect is being run on. ]
  Script location: common/journal_entries/rome_agenda_journal.txt:34

[02:23:13][jomini_script_system.cpp:247]: Script system error!
  Error: remove_modifier effect [ Timed modifier rome_rebuilding_4 in scope object 国家 罗马帝国（88） not found. Make sure the modifier is in the same scope as this effect is being run on. ]
  Script location: common/journal_entries/rome_agenda_journal.txt:35

[02:23:13][jomini_script_system.cpp:247]: Script system error!
  Error: remove_modifier effect [ Timed modifier rome_viae_romanae in scope object 国家 罗马帝国（88） not found. Make sure the modifier is in the same scope as this effect is being run on. ]
  Script location: common/journal_entries/rome_agenda_journal.txt:36

[02:23:13][jomini_script_system.cpp:247]: Script system error!
  Error: remove_modifier effect [ Timed modifier rome_rebuilding_2 in scope object 国家 罗马帝国（88） not found. Make sure the modifier is in the same scope as this effect is being run on. ]
  Script location: common/journal_entries/rome_agenda_journal.txt:33

[02:23:13][jomini_script_system.cpp:247]: Script system error!
  Error: remove_modifier effect [ Timed modifier rome_rebuilding_3 in scope object 国家 罗马帝国（88） not found. Make sure the modifier is in the same scope as this effect is being run on. ]
  Script location: common/journal_entries/rome_agenda_journal.txt:34

[02:23:13][jomini_script_system.cpp:247]: Script system error!
  Error: remove_modifier effect [ Timed modifier rome_rebuilding_4 in scope object 国家 罗马帝国（88） not found. Make sure the modifier is in the same scope as this effect is being run on. ]
  Script location: common/journal_entries/rome_agenda_journal.txt:35

[02:23:13][jomini_script_system.cpp:247]: Script system error!
  Error: remove_modifier effect [ Timed modifier rome_viae_romanae in scope object 国家 罗马帝国（88） not found. Make sure the modifier is in the same scope as this effect is being run on. ]
  Script location: common/journal_entries/rome_agenda_journal.txt:36

[02:23:14][jomini_script_system.cpp:247]: Script system error!
  Error: remove_modifier effect [ Timed modifier rome_rebuilding_2 in scope object 国家 罗马帝国（88） not found. Make sure the modifier is in the same scope as this effect is being run on. ]
  Script location: common/journal_entries/rome_agenda_journal.txt:33

[02:23:14][jomini_script_system.cpp:247]: Script system error!
  Error: remove_modifier effect [ Timed modifier rome_rebuilding_3 in scope object 国家 罗马帝国（88） not found. Make sure the modifier is in the same scope as this effect is being run on. ]
  Script location: common/journal_entries/rome_agenda_journal.txt:34

[02:23:14][jomini_script_system.cpp:247]: Script system error!
  Error: remove_modifier effect [ Timed modifier rome_rebuilding_4 in scope object 国家 罗马帝国（88） not found. Make sure the modifier is in the same scope as this effect is being run on. ]
  Script location: common/journal_entries/rome_agenda_journal.txt:35

[02:23:14][jomini_script_system.cpp:247]: Script system error!
  Error: remove_modifier effect [ Timed modifier rome_viae_romanae in scope object 国家 罗马帝国（88） not found. Make sure the modifier is in the same scope as this effect is being run on. ]
  Script location: common/journal_entries/rome_agenda_journal.txt:36

[02:23:14][jomini_script_system.cpp:247]: Script system error!
  Error: remove_modifier effect [ Timed modifier rome_rebuilding_2 in scope object 国家 罗马帝国（88） not found. Make sure the modifier is in the same scope as this effect is being run on. ]
  Script location: common/journal_entries/rome_agenda_journal.txt:33

[02:23:14][jomini_script_system.cpp:247]: Script system error!
  Error: remove_modifier effect [ Timed modifier rome_rebuilding_3 in scope object 国家 罗马帝国（88） not found. Make sure the modifier is in the same scope as this effect is being run on. ]
  Script location: common/journal_entries/rome_agenda_journal.txt:34

[02:23:14][jomini_script_system.cpp:247]: Script system error!
  Error: remove_modifier effect [ Timed modifier rome_rebuilding_4 in scope object 国家 罗马帝国（88） not found. Make sure the modifier is in the same scope as this effect is being run on. ]
  Script location: common/journal_entries/rome_agenda_journal.txt:35

[02:23:14][jomini_script_system.cpp:247]: Script system error!
  Error: remove_modifier effect [ Timed modifier rome_viae_romanae in scope object 国家 罗马帝国（88） not found. Make sure the modifier is in the same scope as this effect is being run on. ]
  Script location: common/journal_entries/rome_agenda_journal.txt:36

[02:23:14][jomini_script_system.cpp:247]: Script system error!
  Error: remove_modifier effect [ Timed modifier rome_rebuilding_2 in scope object 国家 罗马帝国（88） not found. Make sure the modifier is in the same scope as this effect is being run on. ]
  Script location: common/journal_entries/rome_agenda_journal.txt:33

[02:23:14][jomini_script_system.cpp:247]: Script system error!
  Error: remove_modifier effect [ Timed modifier rome_rebuilding_3 in scope object 国家 罗马帝国（88） not found. Make sure the modifier is in the same scope as this effect is being run on. ]
  Script location: common/journal_entries/rome_agenda_journal.txt:34

[02:23:14][jomini_script_system.cpp:247]: Script system error!
  Error: remove_modifier effect [ Timed modifier rome_rebuilding_4 in scope object 国家 罗马帝国（88） not found. Make sure the modifier is in the same scope as this effect is being run on. ]
  Script location: common/journal_entries/rome_agenda_journal.txt:35

[02:23:14][jomini_script_system.cpp:247]: Script system error!
  Error: remove_modifier effect [ Timed modifier rome_viae_romanae in scope object 国家 罗马帝国（88） not found. Make sure the modifier is in the same scope as this effect is being run on. ]
  Script location: common/journal_entries/rome_agenda_journal.txt:36

[02:23:14][jomini_script_system.cpp:247]: Script system error!
  Error: remove_modifier effect [ Timed modifier rome_rebuilding_2 in scope object 国家 罗马帝国（88） not found. Make sure the modifier is in the same scope as this effect is being run on. ]
  Script location: common/journal_entries/rome_agenda_journal.txt:33

[02:23:14][jomini_script_system.cpp:247]: Script system error!
  Error: remove_modifier effect [ Timed modifier rome_rebuilding_3 in scope object 国家 罗马帝国（88） not found. Make sure the modifier is in the same scope as this effect is being run on. ]
  Script location: common/journal_entries/rome_agenda_journal.txt:34

[02:23:14][jomini_script_system.cpp:247]: Script system error!
  Error: remove_modifier effect [ Timed modifier rome_rebuilding_4 in scope object 国家 罗马帝国（88） not found. Make sure the modifier is in the same scope as this effect is being run on. ]
  Script location: common/journal_entries/rome_agenda_journal.txt:35

[02:23:14][jomini_script_system.cpp:247]: Script system error!
  Error: remove_modifier effect [ Timed modifier rome_viae_romanae in scope object 国家 罗马帝国（88） not found. Make sure the modifier is in the same scope as this effect is being run on. ]
  Script location: common/journal_entries/rome_agenda_journal.txt:36

[02:23:14][jomini_script_system.cpp:247]: Script system error!
  Error: remove_modifier effect [ Timed modifier rome_rebuilding_2 in scope object 国家 罗马帝国（88） not found. Make sure the modifier is in the same scope as this effect is being run on. ]
  Script location: common/journal_entries/rome_agenda_journal.txt:33

[02:23:14][jomini_script_system.cpp:247]: Script system error!
  Error: remove_modifier effect [ Timed modifier rome_rebuilding_3 in scope object 国家 罗马帝国（88） not found. Make sure the modifier is in the same scope as this effect is being run on. ]
  Script location: common/journal_entries/rome_agenda_journal.txt:34

[02:23:14][jomini_script_system.cpp:247]: Script system error!
  Error: remove_modifier effect [ Timed modifier rome_rebuilding_4 in scope object 国家 罗马帝国（88） not found. Make sure the modifier is in the same scope as this effect is being run on. ]
  Script location: common/journal_entries/rome_agenda_journal.txt:35

[02:23:14][jomini_script_system.cpp:247]: Script system error!
  Error: remove_modifier effect [ Timed modifier rome_viae_romanae in scope object 国家 罗马帝国（88） not found. Make sure the modifier is in the same scope as this effect is being run on. ]
  Script location: common/journal_entries/rome_agenda_journal.txt:36

[02:23:14][jomini_script_system.cpp:247]: Script system error!
  Error: remove_modifier effect [ Timed modifier rome_rebuilding_2 in scope object 国家 罗马帝国（88） not found. Make sure the modifier is in the same scope as this effect is being run on. ]
  Script location: common/journal_entries/rome_agenda_journal.txt:33

[02:23:14][jomini_script_system.cpp:247]: Script system error!
  Error: remove_modifier effect [ Timed modifier rome_rebuilding_3 in scope object 国家 罗马帝国（88） not found. Make sure the modifier is in the same scope as this effect is being run on. ]
  Script location: common/journal_entries/rome_agenda_journal.txt:34

[02:23:14][jomini_script_system.cpp:247]: Script system error!
  Error: remove_modifier effect [ Timed modifier rome_rebuilding_4 in scope object 国家 罗马帝国（88） not found. Make sure the modifier is in the same scope as this effect is being run on. ]
  Script location: common/journal_entries/rome_agenda_journal.txt:35

[02:23:14][jomini_script_system.cpp:247]: Script system error!
  Error: remove_modifier effect [ Timed modifier rome_viae_romanae in scope object 国家 罗马帝国（88） not found. Make sure the modifier is in the same scope as this effect is being run on. ]
  Script location: common/journal_entries/rome_agenda_journal.txt:36

[02:23:14][jomini_script_system.cpp:247]: Script system error!
  Error: remove_modifier effect [ Timed modifier rome_rebuilding_2 in scope object 国家 罗马帝国（88） not found. Make sure the modifier is in the same scope as this effect is being run on. ]
  Script location: common/journal_entries/rome_agenda_journal.txt:33

[02:23:14][jomini_script_system.cpp:247]: Script system error!
  Error: remove_modifier effect [ Timed modifier rome_rebuilding_3 in scope object 国家 罗马帝国（88） not found. Make sure the modifier is in the same scope as this effect is being run on. ]
  Script location: common/journal_entries/rome_agenda_journal.txt:34

[02:23:14][jomini_script_system.cpp:247]: Script system error!
  Error: remove_modifier effect [ Timed modifier rome_rebuilding_4 in scope object 国家 罗马帝国（88） not found. Make sure the modifier is in the same scope as this effect is being run on. ]
  Script location: common/journal_entries/rome_agenda_journal.txt:35

[02:23:14][jomini_script_system.cpp:247]: Script system error!
  Error: remove_modifier effect [ Timed modifier rome_viae_romanae in scope object 国家 罗马帝国（88） not found. Make sure the modifier is in the same scope as this effect is being run on. ]
  Script location: common/journal_entries/rome_agenda_journal.txt:36

[02:23:14][jomini_script_system.cpp:247]: Script system error!
  Error: remove_modifier effect [ Timed modifier rome_rebuilding_2 in scope object 国家 罗马帝国（88） not found. Make sure the modifier is in the same scope as this effect is being run on. ]
  Script location: common/journal_entries/rome_agenda_journal.txt:33

[02:23:14][jomini_script_system.cpp:247]: Script system error!
  Error: remove_modifier effect [ Timed modifier rome_rebuilding_3 in scope object 国家 罗马帝国（88） not found. Make sure the modifier is in the same scope as this effect is being run on. ]
  Script location: common/journal_entries/rome_agenda_journal.txt:34

[02:23:14][jomini_script_system.cpp:247]: Script system error!
  Error: remove_modifier effect [ Timed modifier rome_rebuilding_4 in scope object 国家 罗马帝国（88） not found. Make sure the modifier is in the same scope as this effect is being run on. ]
  Script location: common/journal_entries/rome_agenda_journal.txt:35

[02:23:14][jomini_script_system.cpp:247]: Script system error!
  Error: remove_modifier effect [ Timed modifier rome_viae_romanae in scope object 国家 罗马帝国（88） not found. Make sure the modifier is in the same scope as this effect is being run on. ]
  Script location: common/journal_entries/rome_agenda_journal.txt:36

[02:23:14][jomini_script_system.cpp:247]: Script system error!
  Error: remove_modifier effect [ Timed modifier rome_rebuilding_2 in scope object 国家 罗马帝国（88） not found. Make sure the modifier is in the same scope as this effect is being run on. ]
  Script location: common/journal_entries/rome_agenda_journal.txt:33

[02:23:14][jomini_script_system.cpp:247]: Script system error!
  Error: remove_modifier effect [ Timed modifier rome_rebuilding_3 in scope object 国家 罗马帝国（88） not found. Make sure the modifier is in the same scope as this effect is being run on. ]
  Script location: common/journal_entries/rome_agenda_journal.txt:34

[02:23:14][jomini_script_system.cpp:247]: Script system error!
  Error: remove_modifier effect [ Timed modifier rome_rebuilding_4 in scope object 国家 罗马帝国（88） not found. Make sure the modifier is in the same scope as this effect is being run on. ]
  Script location: common/journal_entries/rome_agenda_journal.txt:35

[02:23:14][jomini_script_system.cpp:247]: Script system error!
  Error: remove_modifier effect [ Timed modifier rome_viae_romanae in scope object 国家 罗马帝国（88） not found. Make sure the modifier is in the same scope as this effect is being run on. ]
  Script location: common/journal_entries/rome_agenda_journal.txt:36

[02:23:14][jomini_script_system.cpp:247]: Script system error!
  Error: remove_modifier effect [ Timed modifier rome_rebuilding_2 in scope object 国家 罗马帝国（88） not found. Make sure the modifier is in the same scope as this effect is being run on. ]
  Script location: common/journal_entries/rome_agenda_journal.txt:33

[02:23:14][jomini_script_system.cpp:247]: Script system error!
  Error: remove_modifier effect [ Timed modifier rome_rebuilding_3 in scope object 国家 罗马帝国（88） not found. Make sure the modifier is in the same scope as this effect is being run on. ]
  Script location: common/journal_entries/rome_agenda_journal.txt:34

[02:23:14][jomini_script_system.cpp:247]: Script system error!
  Error: remove_modifier effect [ Timed modifier rome_rebuilding_4 in scope object 国家 罗马帝国（88） not found. Make sure the modifier is in the same scope as this effect is being run on. ]
  Script location: common/journal_entries/rome_agenda_journal.txt:35

[02:23:14][jomini_script_system.cpp:247]: Script system error!
  Error: remove_modifier effect [ Timed modifier rome_viae_romanae in scope object 国家 罗马帝国（88） not found. Make sure the modifier is in the same scope as this effect is being run on. ]
  Script location: common/journal_entries/rome_agenda_journal.txt:36

[02:23:14][jomini_script_system.cpp:247]: Script system error!
  Error: remove_modifier effect [ Timed modifier rome_rebuilding_2 in scope object 国家 罗马帝国（88） not found. Make sure the modifier is in the same scope as this effect is being run on. ]
  Script location: common/journal_entries/rome_agenda_journal.txt:33

[02:23:14][jomini_script_system.cpp:247]: Script system error!
  Error: remove_modifier effect [ Timed modifier rome_rebuilding_3 in scope object 国家 罗马帝国（88） not found. Make sure the modifier is in the same scope as this effect is being run on. ]
  Script location: common/journal_entries/rome_agenda_journal.txt:34

[02:23:14][jomini_script_system.cpp:247]: Script system error!
  Error: remove_modifier effect [ Timed modifier rome_rebuilding_4 in scope object 国家 罗马帝国（88） not found. Make sure the modifier is in the same scope as this effect is being run on. ]
  Script location: common/journal_entries/rome_agenda_journal.txt:35

[02:23:14][jomini_script_system.cpp:247]: Script system error!
  Error: remove_modifier effect [ Timed modifier rome_viae_romanae in scope object 国家 罗马帝国（88） not found. Make sure the modifier is in the same scope as this effect is being run on. ]
  Script location: common/journal_entries/rome_agenda_journal.txt:36

[02:23:14][jomini_script_system.cpp:247]: Script system error!
  Error: remove_modifier effect [ Timed modifier rome_rebuilding_2 in scope object 国家 罗马帝国（88） not found. Make sure the modifier is in the same scope as this effect is being run on. ]
  Script location: common/journal_entries/rome_agenda_journal.txt:33

[02:23:14][jomini_script_system.cpp:247]: Script system error!
  Error: remove_modifier effect [ Timed modifier rome_rebuilding_3 in scope object 国家 罗马帝国（88） not found. Make sure the modifier is in the same scope as this effect is being run on. ]
  Script location: common/journal_entries/rome_agenda_journal.txt:34

[02:23:14][jomini_script_system.cpp:247]: Script system error!
  Error: remove_modifier effect [ Timed modifier rome_rebuilding_4 in scope object 国家 罗马帝国（88） not found. Make sure the modifier is in the same scope as this effect is being run on. ]
  Script location: common/journal_entries/rome_agenda_journal.txt:35

[02:23:14][jomini_script_system.cpp:247]: Script system error!
  Error: remove_modifier effect [ Timed modifier rome_viae_romanae in scope object 国家 罗马帝国（88） not found. Make sure the modifier is in the same scope as this effect is being run on. ]
  Script location: common/journal_entries/rome_agenda_journal.txt:36

[02:23:14][jomini_script_system.cpp:247]: Script system error!
  Error: remove_modifier effect [ Timed modifier rome_rebuilding_2 in scope object 国家 罗马帝国（88） not found. Make sure the modifier is in the same scope as this effect is being run on. ]
  Script location: common/journal_entries/rome_agenda_journal.txt:33

[02:23:14][jomini_script_system.cpp:247]: Script system error!
  Error: remove_modifier effect [ Timed modifier rome_rebuilding_3 in scope object 国家 罗马帝国（88） not found. Make sure the modifier is in the same scope as this effect is being run on. ]
  Script location: common/journal_entries/rome_agenda_journal.txt:34

[02:23:14][jomini_script_system.cpp:247]: Script system error!
  Error: remove_modifier effect [ Timed modifier rome_rebuilding_4 in scope object 国家 罗马帝国（88） not found. Make sure the modifier is in the same scope as this effect is being run on. ]
  Script location: common/journal_entries/rome_agenda_journal.txt:35

[02:23:14][jomini_script_system.cpp:247]: Script system error!
  Error: remove_modifier effect [ Timed modifier rome_viae_romanae in scope object 国家 罗马帝国（88） not found. Make sure the modifier is in the same scope as this effect is being run on. ]
  Script location: common/journal_entries/rome_agenda_journal.txt:36

[02:23:14][jomini_script_system.cpp:247]: Script system error!
  Error: remove_modifier effect [ Timed modifier rome_rebuilding_2 in scope object 国家 罗马帝国（88） not found. Make sure the modifier is in the same scope as this effect is being run on. ]
  Script location: common/journal_entries/rome_agenda_journal.txt:33

[02:23:14][jomini_script_system.cpp:247]: Script system error!
  Error: remove_modifier effect [ Timed modifier rome_rebuilding_3 in scope object 国家 罗马帝国（88） not found. Make sure the modifier is in the same scope as this effect is being run on. ]
  Script location: common/journal_entries/rome_agenda_journal.txt:34

[02:23:14][jomini_script_system.cpp:247]: Script system error!
  Error: remove_modifier effect [ Timed modifier rome_rebuilding_4 in scope object 国家 罗马帝国（88） not found. Make sure the modifier is in the same scope as this effect is being run on. ]
  Script location: common/journal_entries/rome_agenda_journal.txt:35

[02:23:14][jomini_script_system.cpp:247]: Script system error!
  Error: remove_modifier effect [ Timed modifier rome_viae_romanae in scope object 国家 罗马帝国（88） not found. Make sure the modifier is in the same scope as this effect is being run on. ]
  Script location: common/journal_entries/rome_agenda_journal.txt:36

[02:23:14][jomini_script_system.cpp:247]: Script system error!
  Error: remove_modifier effect [ Timed modifier rome_rebuilding_2 in scope object 国家 罗马帝国（88） not found. Make sure the modifier is in the same scope as this effect is being run on. ]
  Script location: common/journal_entries/rome_agenda_journal.txt:33

[02:23:14][jomini_script_system.cpp:247]: Script system error!
  Error: remove_modifier effect [ Timed modifier rome_rebuilding_3 in scope object 国家 罗马帝国（88） not found. Make sure the modifier is in the same scope as this effect is being run on. ]
  Script location: common/journal_entries/rome_agenda_journal.txt:34

[02:23:14][jomini_script_system.cpp:247]: Script system error!
  Error: remove_modifier effect [ Timed modifier rome_rebuilding_4 in scope object 国家 罗马帝国（88） not found. Make sure the modifier is in the same scope as this effect is being run on. ]
  Script location: common/journal_entries/rome_agenda_journal.txt:35

[02:23:14][jomini_script_system.cpp:247]: Script system error!
  Error: remove_modifier effect [ Timed modifier rome_viae_romanae in scope object 国家 罗马帝国（88） not found. Make sure the modifier is in the same scope as this effect is being run on. ]
  Script location: common/journal_entries/rome_agenda_journal.txt:36

[02:23:14][jomini_script_system.cpp:247]: Script system error!
  Error: remove_modifier effect [ Timed modifier rome_rebuilding_2 in scope object 国家 罗马帝国（88） not found. Make sure the modifier is in the same scope as this effect is being run on. ]
  Script location: common/journal_entries/rome_agenda_journal.txt:33

[02:23:14][jomini_script_system.cpp:247]: Script system error!
  Error: remove_modifier effect [ Timed modifier rome_rebuilding_3 in scope object 国家 罗马帝国（88） not found. Make sure the modifier is in the same scope as this effect is being run on. ]
  Script location: common/journal_entries/rome_agenda_journal.txt:34

[02:23:14][jomini_script_system.cpp:247]: Script system error!
  Error: remove_modifier effect [ Timed modifier rome_rebuilding_4 in scope object 国家 罗马帝国（88） not found. Make sure the modifier is in the same scope as this effect is being run on. ]
  Script location: common/journal_entries/rome_agenda_journal.txt:35

[02:23:14][jomini_script_system.cpp:247]: Script system error!
  Error: remove_modifier effect [ Timed modifier rome_viae_romanae in scope object 国家 罗马帝国（88） not found. Make sure the modifier is in the same scope as this effect is being run on. ]
  Script location: common/journal_entries/rome_agenda_journal.txt:36

[02:23:14][jomini_script_system.cpp:247]: Script system error!
  Error: remove_modifier effect [ Timed modifier rome_rebuilding_2 in scope object 国家 罗马帝国（88） not found. Make sure the modifier is in the same scope as this effect is being run on. ]
  Script location: common/journal_entries/rome_agenda_journal.txt:33

[02:23:14][jomini_script_system.cpp:247]: Script system error!
  Error: remove_modifier effect [ Timed modifier rome_rebuilding_3 in scope object 国家 罗马帝国（88） not found. Make sure the modifier is in the same scope as this effect is being run on. ]
  Script location: common/journal_entries/rome_agenda_journal.txt:34

[02:23:14][jomini_script_system.cpp:247]: Script system error!
  Error: remove_modifier effect [ Timed modifier rome_rebuilding_4 in scope object 国家 罗马帝国（88） not found. Make sure the modifier is in the same scope as this effect is being run on. ]
  Script location: common/journal_entries/rome_agenda_journal.txt:35

[02:23:14][jomini_script_system.cpp:247]: Script system error!
  Error: remove_modifier effect [ Timed modifier rome_viae_romanae in scope object 国家 罗马帝国（88） not found. Make sure the modifier is in the same scope as this effect is being run on. ]
  Script location: common/journal_entries/rome_agenda_journal.txt:36

[02:23:14][jomini_script_system.cpp:247]: Script system error!
  Error: remove_modifier effect [ Timed modifier rome_rebuilding_2 in scope object 国家 罗马帝国（88） not found. Make sure the modifier is in the same scope as this effect is being run on. ]
  Script location: common/journal_entries/rome_agenda_journal.txt:33

[02:23:14][jomini_script_system.cpp:247]: Script system error!
  Error: remove_modifier effect [ Timed modifier rome_rebuilding_3 in scope object 国家 罗马帝国（88） not found. Make sure the modifier is in the same scope as this effect is being run on. ]
  Script location: common/journal_entries/rome_agenda_journal.txt:34

[02:23:14][jomini_script_system.cpp:247]: Script system error!
  Error: remove_modifier effect [ Timed modifier rome_rebuilding_4 in scope object 国家 罗马帝国（88） not found. Make sure the modifier is in the same scope as this effect is being run on. ]
  Script location: common/journal_entries/rome_agenda_journal.txt:35

[02:23:14][jomini_script_system.cpp:247]: Script system error!
  Error: remove_modifier effect [ Timed modifier rome_viae_romanae in scope object 国家 罗马帝国（88） not found. Make sure the modifier is in the same scope as this effect is being run on. ]
  Script location: common/journal_entries/rome_agenda_journal.txt:36

[02:23:14][jomini_script_system.cpp:247]: Script system error!
  Error: remove_modifier effect [ Timed modifier rome_rebuilding_2 in scope object 国家 罗马帝国（88） not found. Make sure the modifier is in the same scope as this effect is being run on. ]
  Script location: common/journal_entries/rome_agenda_journal.txt:33

[02:23:14][jomini_script_system.cpp:247]: Script system error!
  Error: remove_modifier effect [ Timed modifier rome_rebuilding_3 in scope object 国家 罗马帝国（88） not found. Make sure the modifier is in the same scope as this effect is being run on. ]
  Script location: common/journal_entries/rome_agenda_journal.txt:34

[02:23:14][jomini_script_system.cpp:247]: Script system error!
  Error: remove_modifier effect [ Timed modifier rome_rebuilding_4 in scope object 国家 罗马帝国（88） not found. Make sure the modifier is in the same scope as this effect is being run on. ]
  Script location: common/journal_entries/rome_agenda_journal.txt:35

[02:23:14][jomini_script_system.cpp:247]: Script system error!
  Error: remove_modifier effect [ Timed modifier rome_viae_romanae in scope object 国家 罗马帝国（88） not found. Make sure the modifier is in the same scope as this effect is being run on. ]
  Script location: common/journal_entries/rome_agenda_journal.txt:36

[02:23:14][jomini_script_system.cpp:247]: Script system error!
  Error: remove_modifier effect [ Timed modifier rome_rebuilding_2 in scope object 国家 罗马帝国（88） not found. Make sure the modifier is in the same scope as this effect is being run on. ]
  Script location: common/journal_entries/rome_agenda_journal.txt:33

[02:23:14][jomini_script_system.cpp:247]: Script system error!
  Error: remove_modifier effect [ Timed modifier rome_rebuilding_3 in scope object 国家 罗马帝国（88） not found. Make sure the modifier is in the same scope as this effect is being run on. ]
  Script location: common/journal_entries/rome_agenda_journal.txt:34

[02:23:14][jomini_script_system.cpp:247]: Script system error!
  Error: remove_modifier effect [ Timed modifier rome_rebuilding_4 in scope object 国家 罗马帝国（88） not found. Make sure the modifier is in the same scope as this effect is being run on. ]
  Script location: common/journal_entries/rome_agenda_journal.txt:35

[02:23:14][jomini_script_system.cpp:247]: Script system error!
  Error: remove_modifier effect [ Timed modifier rome_viae_romanae in scope object 国家 罗马帝国（88） not found. Make sure the modifier is in the same scope as this effect is being run on. ]
  Script location: common/journal_entries/rome_agenda_journal.txt:36

[02:23:14][jomini_script_system.cpp:247]: Script system error!
  Error: remove_modifier effect [ Timed modifier rome_rebuilding_2 in scope object 国家 罗马帝国（88） not found. Make sure the modifier is in the same scope as this effect is being run on. ]
  Script location: common/journal_entries/rome_agenda_journal.txt:33

[02:23:14][jomini_script_system.cpp:247]: Script system error!
  Error: remove_modifier effect [ Timed modifier rome_rebuilding_3 in scope object 国家 罗马帝国（88） not found. Make sure the modifier is in the same scope as this effect is being run on. ]
  Script location: common/journal_entries/rome_agenda_journal.txt:34

[02:23:14][jomini_script_system.cpp:247]: Script system error!
  Error: remove_modifier effect [ Timed modifier rome_rebuilding_4 in scope object 国家 罗马帝国（88） not found. Make sure the modifier is in the same scope as this effect is being run on. ]
  Script location: common/journal_entries/rome_agenda_journal.txt:35

[02:23:14][jomini_script_system.cpp:247]: Script system error!
  Error: remove_modifier effect [ Timed modifier rome_viae_romanae in scope object 国家 罗马帝国（88） not found. Make sure the modifier is in the same scope as this effect is being run on. ]
  Script location: common/journal_entries/rome_agenda_journal.txt:36

[02:23:14][jomini_script_system.cpp:247]: Script system error!
  Error: remove_modifier effect [ Timed modifier rome_rebuilding_2 in scope object 国家 罗马帝国（88） not found. Make sure the modifier is in the same scope as this effect is being run on. ]
  Script location: common/journal_entries/rome_agenda_journal.txt:33

[02:23:14][jomini_script_system.cpp:247]: Script system error!
  Error: remove_modifier effect [ Timed modifier rome_rebuilding_3 in scope object 国家 罗马帝国（88） not found. Make sure the modifier is in the same scope as this effect is being run on. ]
  Script location: common/journal_entries/rome_agenda_journal.txt:34

[02:23:14][jomini_script_system.cpp:247]: Script system error!
  Error: remove_modifier effect [ Timed modifier rome_rebuilding_4 in scope object 国家 罗马帝国（88） not found. Make sure the modifier is in the same scope as this effect is being run on. ]
  Script location: common/journal_entries/rome_agenda_journal.txt:35

[02:23:14][jomini_script_system.cpp:247]: Script system error!
  Error: remove_modifier effect [ Timed modifier rome_viae_romanae in scope object 国家 罗马帝国（88） not found. Make sure the modifier is in the same scope as this effect is being run on. ]
  Script location: common/journal_entries/rome_agenda_journal.txt:36

[02:23:14][jomini_script_system.cpp:247]: Script system error!
  Error: remove_modifier effect [ Timed modifier rome_rebuilding_2 in scope object 国家 罗马帝国（88） not found. Make sure the modifier is in the same scope as this effect is being run on. ]
  Script location: common/journal_entries/rome_agenda_journal.txt:33

[02:23:14][jomini_script_system.cpp:247]: Script system error!
  Error: remove_modifier effect [ Timed modifier rome_rebuilding_3 in scope object 国家 罗马帝国（88） not found. Make sure the modifier is in the same scope as this effect is being run on. ]
  Script location: common/journal_entries/rome_agenda_journal.txt:34

[02:23:14][jomini_script_system.cpp:247]: Script system error!
  Error: remove_modifier effect [ Timed modifier rome_rebuilding_4 in scope object 国家 罗马帝国（88） not found. Make sure the modifier is in the same scope as this effect is being run on. ]
  Script location: common/journal_entries/rome_agenda_journal.txt:35

[02:23:14][jomini_script_system.cpp:247]: Script system error!
  Error: remove_modifier effect [ Timed modifier rome_viae_romanae in scope object 国家 罗马帝国（88） not found. Make sure the modifier is in the same scope as this effect is being run on. ]
  Script location: common/journal_entries/rome_agenda_journal.txt:36

[02:23:15][jomini_script_system.cpp:247]: Script system error!
  Error: remove_modifier effect [ Timed modifier rome_rebuilding_2 in scope object 国家 罗马帝国（88） not found. Make sure the modifier is in the same scope as this effect is being run on. ]
  Script location: common/journal_entries/rome_agenda_journal.txt:33

[02:23:15][jomini_script_system.cpp:247]: Script system error!
  Error: remove_modifier effect [ Timed modifier rome_rebuilding_3 in scope object 国家 罗马帝国（88） not found. Make sure the modifier is in the same scope as this effect is being run on. ]
  Script location: common/journal_entries/rome_agenda_journal.txt:34

[02:23:15][jomini_script_system.cpp:247]: Script system error!
  Error: remove_modifier effect [ Timed modifier rome_rebuilding_4 in scope object 国家 罗马帝国（88） not found. Make sure the modifier is in the same scope as this effect is being run on. ]
  Script location: common/journal_entries/rome_agenda_journal.txt:35

[02:23:15][jomini_script_system.cpp:247]: Script system error!
  Error: remove_modifier effect [ Timed modifier rome_viae_romanae in scope object 国家 罗马帝国（88） not found. Make sure the modifier is in the same scope as this effect is being run on. ]
  Script location: common/journal_entries/rome_agenda_journal.txt:36

[02:23:15][jomini_script_system.cpp:247]: Script system error!
  Error: remove_modifier effect [ Timed modifier rome_rebuilding_2 in scope object 国家 罗马帝国（88） not found. Make sure the modifier is in the same scope as this effect is being run on. ]
  Script location: common/journal_entries/rome_agenda_journal.txt:33

[02:23:15][jomini_script_system.cpp:247]: Script system error!
  Error: remove_modifier effect [ Timed modifier rome_rebuilding_3 in scope object 国家 罗马帝国（88） not found. Make sure the modifier is in the same scope as this effect is being run on. ]
  Script location: common/journal_entries/rome_agenda_journal.txt:34

[02:23:15][jomini_script_system.cpp:247]: Script system error!
  Error: remove_modifier effect [ Timed modifier rome_rebuilding_4 in scope object 国家 罗马帝国（88） not found. Make sure the modifier is in the same scope as this effect is being run on. ]
  Script location: common/journal_entries/rome_agenda_journal.txt:35

[02:23:15][jomini_script_system.cpp:247]: Script system error!
  Error: remove_modifier effect [ Timed modifier rome_viae_romanae in scope object 国家 罗马帝国（88） not found. Make sure the modifier is in the same scope as this effect is being run on. ]
  Script location: common/journal_entries/rome_agenda_journal.txt:36

[02:23:15][jomini_script_system.cpp:247]: Script system error!
  Error: remove_modifier effect [ Timed modifier rome_rebuilding_2 in scope object 国家 罗马帝国（88） not found. Make sure the modifier is in the same scope as this effect is being run on. ]
  Script location: common/journal_entries/rome_agenda_journal.txt:33

[02:23:15][jomini_script_system.cpp:247]: Script system error!
  Error: remove_modifier effect [ Timed modifier rome_rebuilding_3 in scope object 国家 罗马帝国（88） not found. Make sure the modifier is in the same scope as this effect is being run on. ]
  Script location: common/journal_entries/rome_agenda_journal.txt:34

[02:23:15][jomini_script_system.cpp:247]: Script system error!
  Error: remove_modifier effect [ Timed modifier rome_rebuilding_4 in scope object 国家 罗马帝国（88） not found. Make sure the modifier is in the same scope as this effect is being run on. ]
  Script location: common/journal_entries/rome_agenda_journal.txt:35

[02:23:15][jomini_script_system.cpp:247]: Script system error!
  Error: remove_modifier effect [ Timed modifier rome_viae_romanae in scope object 国家 罗马帝国（88） not found. Make sure the modifier is in the same scope as this effect is being run on. ]
  Script location: common/journal_entries/rome_agenda_journal.txt:36

[02:23:15][jomini_script_system.cpp:247]: Script system error!
  Error: remove_modifier effect [ Timed modifier rome_rebuilding_2 in scope object 国家 罗马帝国（88） not found. Make sure the modifier is in the same scope as this effect is being run on. ]
  Script location: common/journal_entries/rome_agenda_journal.txt:33

[02:23:15][jomini_script_system.cpp:247]: Script system error!
  Error: remove_modifier effect [ Timed modifier rome_rebuilding_3 in scope object 国家 罗马帝国（88） not found. Make sure the modifier is in the same scope as this effect is being run on. ]
  Script location: common/journal_entries/rome_agenda_journal.txt:34

[02:23:15][jomini_script_system.cpp:247]: Script system error!
  Error: remove_modifier effect [ Timed modifier rome_rebuilding_4 in scope object 国家 罗马帝国（88） not found. Make sure the modifier is in the same scope as this effect is being run on. ]
  Script location: common/journal_entries/rome_agenda_journal.txt:35

[02:23:15][jomini_script_system.cpp:247]: Script system error!
  Error: remove_modifier effect [ Timed modifier rome_viae_romanae in scope object 国家 罗马帝国（88） not found. Make sure the modifier is in the same scope as this effect is being run on. ]
  Script location: common/journal_entries/rome_agenda_journal.txt:36

[02:23:15][jomini_script_system.cpp:247]: Script system error!
  Error: remove_modifier effect [ Timed modifier rome_rebuilding_2 in scope object 国家 罗马帝国（88） not found. Make sure the modifier is in the same scope as this effect is being run on. ]
  Script location: common/journal_entries/rome_agenda_journal.txt:33

[02:23:15][jomini_script_system.cpp:247]: Script system error!
  Error: remove_modifier effect [ Timed modifier rome_rebuilding_3 in scope object 国家 罗马帝国（88） not found. Make sure the modifier is in the same scope as this effect is being run on. ]
  Script location: common/journal_entries/rome_agenda_journal.txt:34

[02:23:15][jomini_script_system.cpp:247]: Script system error!
  Error: remove_modifier effect [ Timed modifier rome_rebuilding_4 in scope object 国家 罗马帝国（88） not found. Make sure the modifier is in the same scope as this effect is being run on. ]
  Script location: common/journal_entries/rome_agenda_journal.txt:35

[02:23:15][jomini_script_system.cpp:247]: Script system error!
  Error: remove_modifier effect [ Timed modifier rome_viae_romanae in scope object 国家 罗马帝国（88） not found. Make sure the modifier is in the same scope as this effect is being run on. ]
  Script location: common/journal_entries/rome_agenda_journal.txt:36

[02:23:15][jomini_script_system.cpp:247]: Script system error!
  Error: remove_modifier effect [ Timed modifier rome_rebuilding_2 in scope object 国家 罗马帝国（88） not found. Make sure the modifier is in the same scope as this effect is being run on. ]
  Script location: common/journal_entries/rome_agenda_journal.txt:33

[02:23:15][jomini_script_system.cpp:247]: Script system error!
  Error: remove_modifier effect [ Timed modifier rome_rebuilding_3 in scope object 国家 罗马帝国（88） not found. Make sure the modifier is in the same scope as this effect is being run on. ]
  Script location: common/journal_entries/rome_agenda_journal.txt:34

[02:23:15][jomini_script_system.cpp:247]: Script system error!
  Error: remove_modifier effect [ Timed modifier rome_rebuilding_4 in scope object 国家 罗马帝国（88） not found. Make sure the modifier is in the same scope as this effect is being run on. ]
  Script location: common/journal_entries/rome_agenda_journal.txt:35

[02:23:15][jomini_script_system.cpp:247]: Script system error!
  Error: remove_modifier effect [ Timed modifier rome_viae_romanae in scope object 国家 罗马帝国（88） not found. Make sure the modifier is in the same scope as this effect is being run on. ]
  Script location: common/journal_entries/rome_agenda_journal.txt:36

[02:23:15][jomini_script_system.cpp:247]: Script system error!
  Error: remove_modifier effect [ Timed modifier rome_rebuilding_2 in scope object 国家 罗马帝国（88） not found. Make sure the modifier is in the same scope as this effect is being run on. ]
  Script location: common/journal_entries/rome_agenda_journal.txt:33

[02:23:15][jomini_script_system.cpp:247]: Script system error!
  Error: remove_modifier effect [ Timed modifier rome_rebuilding_3 in scope object 国家 罗马帝国（88） not found. Make sure the modifier is in the same scope as this effect is being run on. ]
  Script location: common/journal_entries/rome_agenda_journal.txt:34

[02:23:15][jomini_script_system.cpp:247]: Script system error!
  Error: remove_modifier effect [ Timed modifier rome_rebuilding_4 in scope object 国家 罗马帝国（88） not found. Make sure the modifier is in the same scope as this effect is being run on. ]
  Script location: common/journal_entries/rome_agenda_journal.txt:35

[02:23:15][jomini_script_system.cpp:247]: Script system error!
  Error: remove_modifier effect [ Timed modifier rome_viae_romanae in scope object 国家 罗马帝国（88） not found. Make sure the modifier is in the same scope as this effect is being run on. ]
  Script location: common/journal_entries/rome_agenda_journal.txt:36

[02:23:15][jomini_script_system.cpp:247]: Script system error!
  Error: remove_modifier effect [ Timed modifier rome_rebuilding_2 in scope object 国家 罗马帝国（88） not found. Make sure the modifier is in the same scope as this effect is being run on. ]
  Script location: common/journal_entries/rome_agenda_journal.txt:33

[02:23:15][jomini_script_system.cpp:247]: Script system error!
  Error: remove_modifier effect [ Timed modifier rome_rebuilding_3 in scope object 国家 罗马帝国（88） not found. Make sure the modifier is in the same scope as this effect is being run on. ]
  Script location: common/journal_entries/rome_agenda_journal.txt:34

[02:23:15][jomini_script_system.cpp:247]: Script system error!
  Error: remove_modifier effect [ Timed modifier rome_rebuilding_4 in scope object 国家 罗马帝国（88） not found. Make sure the modifier is in the same scope as this effect is being run on. ]
  Script location: common/journal_entries/rome_agenda_journal.txt:35

[02:23:15][jomini_script_system.cpp:247]: Script system error!
  Error: remove_modifier effect [ Timed modifier rome_viae_romanae in scope object 国家 罗马帝国（88） not found. Make sure the modifier is in the same scope as this effect is being run on. ]
  Script location: common/journal_entries/rome_agenda_journal.txt:36

[02:23:15][jomini_script_system.cpp:247]: Script system error!
  Error: remove_modifier effect [ Timed modifier rome_rebuilding_2 in scope object 国家 罗马帝国（88） not found. Make sure the modifier is in the same scope as this effect is being run on. ]
  Script location: common/journal_entries/rome_agenda_journal.txt:33

[02:23:15][jomini_script_system.cpp:247]: Script system error!
  Error: remove_modifier effect [ Timed modifier rome_rebuilding_3 in scope object 国家 罗马帝国（88） not found. Make sure the modifier is in the same scope as this effect is being run on. ]
  Script location: common/journal_entries/rome_agenda_journal.txt:34

[02:23:15][jomini_script_system.cpp:247]: Script system error!
  Error: remove_modifier effect [ Timed modifier rome_rebuilding_4 in scope object 国家 罗马帝国（88） not found. Make sure the modifier is in the same scope as this effect is being run on. ]
  Script location: common/journal_entries/rome_agenda_journal.txt:35

[02:23:15][jomini_script_system.cpp:247]: Script system error!
  Error: remove_modifier effect [ Timed modifier rome_viae_romanae in scope object 国家 罗马帝国（88） not found. Make sure the modifier is in the same scope as this effect is being run on. ]
  Script location: common/journal_entries/rome_agenda_journal.txt:36

[02:23:15][jomini_script_system.cpp:247]: Script system error!
  Error: remove_modifier effect [ Timed modifier rome_rebuilding_2 in scope object 国家 罗马帝国（88） not found. Make sure the modifier is in the same scope as this effect is being run on. ]
  Script location: common/journal_entries/rome_agenda_journal.txt:33

[02:23:15][jomini_script_system.cpp:247]: Script system error!
  Error: remove_modifier effect [ Timed modifier rome_rebuilding_3 in scope object 国家 罗马帝国（88） not found. Make sure the modifier is in the same scope as this effect is being run on. ]
  Script location: common/journal_entries/rome_agenda_journal.txt:34

[02:23:15][jomini_script_system.cpp:247]: Script system error!
  Error: remove_modifier effect [ Timed modifier rome_rebuilding_4 in scope object 国家 罗马帝国（88） not found. Make sure the modifier is in the same scope as this effect is being run on. ]
  Script location: common/journal_entries/rome_agenda_journal.txt:35

[02:23:15][jomini_script_system.cpp:247]: Script system error!
  Error: remove_modifier effect [ Timed modifier rome_viae_romanae in scope object 国家 罗马帝国（88） not found. Make sure the modifier is in the same scope as this effect is being run on. ]
  Script location: common/journal_entries/rome_agenda_journal.txt:36

[02:23:15][jomini_script_system.cpp:247]: Script system error!
  Error: remove_modifier effect [ Timed modifier rome_rebuilding_2 in scope object 国家 罗马帝国（88） not found. Make sure the modifier is in the same scope as this effect is being run on. ]
  Script location: common/journal_entries/rome_agenda_journal.txt:33

[02:23:15][jomini_script_system.cpp:247]: Script system error!
  Error: remove_modifier effect [ Timed modifier rome_rebuilding_3 in scope object 国家 罗马帝国（88） not found. Make sure the modifier is in the same scope as this effect is being run on. ]
  Script location: common/journal_entries/rome_agenda_journal.txt:34

[02:23:15][jomini_script_system.cpp:247]: Script system error!
  Error: remove_modifier effect [ Timed modifier rome_rebuilding_4 in scope object 国家 罗马帝国（88） not found. Make sure the modifier is in the same scope as this effect is being run on. ]
  Script location: common/journal_entries/rome_agenda_journal.txt:35

[02:23:15][jomini_script_system.cpp:247]: Script system error!
  Error: remove_modifier effect [ Timed modifier rome_viae_romanae in scope object 国家 罗马帝国（88） not found. Make sure the modifier is in the same scope as this effect is being run on. ]
  Script location: common/journal_entries/rome_agenda_journal.txt:36

[02:23:15][jomini_script_system.cpp:247]: Script system error!
  Error: remove_modifier effect [ Timed modifier rome_rebuilding_2 in scope object 国家 罗马帝国（88） not found. Make sure the modifier is in the same scope as this effect is being run on. ]
  Script location: common/journal_entries/rome_agenda_journal.txt:33

[02:23:15][jomini_script_system.cpp:247]: Script system error!
  Error: remove_modifier effect [ Timed modifier rome_rebuilding_3 in scope object 国家 罗马帝国（88） not found. Make sure the modifier is in the same scope as this effect is being run on. ]
  Script location: common/journal_entries/rome_agenda_journal.txt:34

[02:23:15][jomini_script_system.cpp:247]: Script system error!
  Error: remove_modifier effect [ Timed modifier rome_rebuilding_4 in scope object 国家 罗马帝国（88） not found. Make sure the modifier is in the same scope as this effect is being run on. ]
  Script location: common/journal_entries/rome_agenda_journal.txt:35

[02:23:15][jomini_script_system.cpp:247]: Script system error!
  Error: remove_modifier effect [ Timed modifier rome_viae_romanae in scope object 国家 罗马帝国（88） not found. Make sure the modifier is in the same scope as this effect is being run on. ]
  Script location: common/journal_entries/rome_agenda_journal.txt:36

[02:23:15][jomini_script_system.cpp:247]: Script system error!
  Error: remove_modifier effect [ Timed modifier rome_rebuilding_2 in scope object 国家 罗马帝国（88） not found. Make sure the modifier is in the same scope as this effect is being run on. ]
  Script location: common/journal_entries/rome_agenda_journal.txt:33

[02:23:15][jomini_script_system.cpp:247]: Script system error!
  Error: remove_modifier effect [ Timed modifier rome_rebuilding_3 in scope object 国家 罗马帝国（88） not found. Make sure the modifier is in the same scope as this effect is being run on. ]
  Script location: common/journal_entries/rome_agenda_journal.txt:34

[02:23:15][jomini_script_system.cpp:247]: Script system error!
  Error: remove_modifier effect [ Timed modifier rome_rebuilding_4 in scope object 国家 罗马帝国（88） not found. Make sure the modifier is in the same scope as this effect is being run on. ]
  Script location: common/journal_entries/rome_agenda_journal.txt:35

[02:23:15][jomini_script_system.cpp:247]: Script system error!
  Error: remove_modifier effect [ Timed modifier rome_viae_romanae in scope object 国家 罗马帝国（88） not found. Make sure the modifier is in the same scope as this effect is being run on. ]
  Script location: common/journal_entries/rome_agenda_journal.txt:36

[02:23:15][jomini_script_system.cpp:247]: Script system error!
  Error: remove_modifier effect [ Timed modifier rome_rebuilding_2 in scope object 国家 罗马帝国（88） not found. Make sure the modifier is in the same scope as this effect is being run on. ]
  Script location: common/journal_entries/rome_agenda_journal.txt:33

[02:23:15][jomini_script_system.cpp:247]: Script system error!
  Error: remove_modifier effect [ Timed modifier rome_rebuilding_3 in scope object 国家 罗马帝国（88） not found. Make sure the modifier is in the same scope as this effect is being run on. ]
  Script location: common/journal_entries/rome_agenda_journal.txt:34

[02:23:15][jomini_script_system.cpp:247]: Script system error!
  Error: remove_modifier effect [ Timed modifier rome_rebuilding_4 in scope object 国家 罗马帝国（88） not found. Make sure the modifier is in the same scope as this effect is being run on. ]
  Script location: common/journal_entries/rome_agenda_journal.txt:35

[02:23:15][jomini_script_system.cpp:247]: Script system error!
  Error: remove_modifier effect [ Timed modifier rome_viae_romanae in scope object 国家 罗马帝国（88） not found. Make sure the modifier is in the same scope as this effect is being run on. ]
  Script location: common/journal_entries/rome_agenda_journal.txt:36

[02:23:15][jomini_script_system.cpp:247]: Script system error!
  Error: remove_modifier effect [ Timed modifier rome_rebuilding_2 in scope object 国家 罗马帝国（88） not found. Make sure the modifier is in the same scope as this effect is being run on. ]
  Script location: common/journal_entries/rome_agenda_journal.txt:33

[02:23:15][jomini_script_system.cpp:247]: Script system error!
  Error: remove_modifier effect [ Timed modifier rome_rebuilding_3 in scope object 国家 罗马帝国（88） not found. Make sure the modifier is in the same scope as this effect is being run on. ]
  Script location: common/journal_entries/rome_agenda_journal.txt:34

[02:23:15][jomini_script_system.cpp:247]: Script system error!
  Error: remove_modifier effect [ Timed modifier rome_rebuilding_4 in scope object 国家 罗马帝国（88） not found. Make sure the modifier is in the same scope as this effect is being run on. ]
  Script location: common/journal_entries/rome_agenda_journal.txt:35

[02:23:15][jomini_script_system.cpp:247]: Script system error!
  Error: remove_modifier effect [ Timed modifier rome_viae_romanae in scope object 国家 罗马帝国（88） not found. Make sure the modifier is in the same scope as this effect is being run on. ]
  Script location: common/journal_entries/rome_agenda_journal.txt:36

[02:23:16][jomini_script_system.cpp:247]: Script system error!
  Error: remove_modifier effect [ Timed modifier rome_rebuilding_2 in scope object 国家 罗马帝国（88） not found. Make sure the modifier is in the same scope as this effect is being run on. ]
  Script location: common/journal_entries/rome_agenda_journal.txt:33

[02:23:16][jomini_script_system.cpp:247]: Script system error!
  Error: remove_modifier effect [ Timed modifier rome_rebuilding_3 in scope object 国家 罗马帝国（88） not found. Make sure the modifier is in the same scope as this effect is being run on. ]
  Script location: common/journal_entries/rome_agenda_journal.txt:34

[02:23:16][jomini_script_system.cpp:247]: Script system error!
  Error: remove_modifier effect [ Timed modifier rome_rebuilding_4 in scope object 国家 罗马帝国（88） not found. Make sure the modifier is in the same scope as this effect is being run on. ]
  Script location: common/journal_entries/rome_agenda_journal.txt:35

[02:23:16][jomini_script_system.cpp:247]: Script system error!
  Error: remove_modifier effect [ Timed modifier rome_viae_romanae in scope object 国家 罗马帝国（88） not found. Make sure the modifier is in the same scope as this effect is being run on. ]
  Script location: common/journal_entries/rome_agenda_journal.txt:36

[02:23:16][jomini_script_system.cpp:247]: Script system error!
  Error: remove_modifier effect [ Timed modifier rome_rebuilding_2 in scope object 国家 罗马帝国（88） not found. Make sure the modifier is in the same scope as this effect is being run on. ]
  Script location: common/journal_entries/rome_agenda_journal.txt:33

[02:23:16][jomini_script_system.cpp:247]: Script system error!
  Error: remove_modifier effect [ Timed modifier rome_rebuilding_3 in scope object 国家 罗马帝国（88） not found. Make sure the modifier is in the same scope as this effect is being run on. ]
  Script location: common/journal_entries/rome_agenda_journal.txt:34

[02:23:16][jomini_script_system.cpp:247]: Script system error!
  Error: remove_modifier effect [ Timed modifier rome_rebuilding_4 in scope object 国家 罗马帝国（88） not found. Make sure the modifier is in the same scope as this effect is being run on. ]
  Script location: common/journal_entries/rome_agenda_journal.txt:35

[02:23:16][jomini_script_system.cpp:247]: Script system error!
  Error: remove_modifier effect [ Timed modifier rome_viae_romanae in scope object 国家 罗马帝国（88） not found. Make sure the modifier is in the same scope as this effect is being run on. ]
  Script location: common/journal_entries/rome_agenda_journal.txt:36

[02:23:16][jomini_script_system.cpp:247]: Script system error!
  Error: remove_modifier effect [ Timed modifier rome_rebuilding_2 in scope object 国家 罗马帝国（88） not found. Make sure the modifier is in the same scope as this effect is being run on. ]
  Script location: common/journal_entries/rome_agenda_journal.txt:33

[02:23:16][jomini_script_system.cpp:247]: Script system error!
  Error: remove_modifier effect [ Timed modifier rome_rebuilding_3 in scope object 国家 罗马帝国（88） not found. Make sure the modifier is in the same scope as this effect is being run on. ]
  Script location: common/journal_entries/rome_agenda_journal.txt:34

[02:23:16][jomini_script_system.cpp:247]: Script system error!
  Error: remove_modifier effect [ Timed modifier rome_rebuilding_4 in scope object 国家 罗马帝国（88） not found. Make sure the modifier is in the same scope as this effect is being run on. ]
  Script location: common/journal_entries/rome_agenda_journal.txt:35

[02:23:16][jomini_script_system.cpp:247]: Script system error!
  Error: remove_modifier effect [ Timed modifier rome_viae_romanae in scope object 国家 罗马帝国（88） not found. Make sure the modifier is in the same scope as this effect is being run on. ]
  Script location: common/journal_entries/rome_agenda_journal.txt:36

[02:23:16][jomini_script_system.cpp:247]: Script system error!
  Error: remove_modifier effect [ Timed modifier rome_rebuilding_2 in scope object 国家 罗马帝国（88） not found. Make sure the modifier is in the same scope as this effect is being run on. ]
  Script location: common/journal_entries/rome_agenda_journal.txt:33

[02:23:16][jomini_script_system.cpp:247]: Script system error!
  Error: remove_modifier effect [ Timed modifier rome_rebuilding_3 in scope object 国家 罗马帝国（88） not found. Make sure the modifier is in the same scope as this effect is being run on. ]
  Script location: common/journal_entries/rome_agenda_journal.txt:34

[02:23:16][jomini_script_system.cpp:247]: Script system error!
  Error: remove_modifier effect [ Timed modifier rome_rebuilding_4 in scope object 国家 罗马帝国（88） not found. Make sure the modifier is in the same scope as this effect is being run on. ]
  Script location: common/journal_entries/rome_agenda_journal.txt:35

[02:23:16][jomini_script_system.cpp:247]: Script system error!
  Error: remove_modifier effect [ Timed modifier rome_viae_romanae in scope object 国家 罗马帝国（88） not found. Make sure the modifier is in the same scope as this effect is being run on. ]
  Script location: common/journal_entries/rome_agenda_journal.txt:36

[02:23:16][jomini_script_system.cpp:247]: Script system error!
  Error: remove_modifier effect [ Timed modifier rome_rebuilding_2 in scope object 国家 罗马帝国（88） not found. Make sure the modifier is in the same scope as this effect is being run on. ]
  Script location: common/journal_entries/rome_agenda_journal.txt:33

[02:23:16][jomini_script_system.cpp:247]: Script system error!
  Error: remove_modifier effect [ Timed modifier rome_rebuilding_3 in scope object 国家 罗马帝国（88） not found. Make sure the modifier is in the same scope as this effect is being run on. ]
  Script location: common/journal_entries/rome_agenda_journal.txt:34

[02:23:16][jomini_script_system.cpp:247]: Script system error!
  Error: remove_modifier effect [ Timed modifier rome_rebuilding_4 in scope object 国家 罗马帝国（88） not found. Make sure the modifier is in the same scope as this effect is being run on. ]
  Script location: common/journal_entries/rome_agenda_journal.txt:35

[02:23:16][jomini_script_system.cpp:247]: Script system error!
  Error: remove_modifier effect [ Timed modifier rome_viae_romanae in scope object 国家 罗马帝国（88） not found. Make sure the modifier is in the same scope as this effect is being run on. ]
  Script location: common/journal_entries/rome_agenda_journal.txt:36

[02:23:16][jomini_script_system.cpp:247]: Script system error!
  Error: remove_modifier effect [ Timed modifier rome_rebuilding_2 in scope object 国家 罗马帝国（88） not found. Make sure the modifier is in the same scope as this effect is being run on. ]
  Script location: common/journal_entries/rome_agenda_journal.txt:33

[02:23:16][jomini_script_system.cpp:247]: Script system error!
  Error: remove_modifier effect [ Timed modifier rome_rebuilding_3 in scope object 国家 罗马帝国（88） not found. Make sure the modifier is in the same scope as this effect is being run on. ]
  Script location: common/journal_entries/rome_agenda_journal.txt:34

[02:23:16][jomini_script_system.cpp:247]: Script system error!
  Error: remove_modifier effect [ Timed modifier rome_rebuilding_4 in scope object 国家 罗马帝国（88） not found. Make sure the modifier is in the same scope as this effect is being run on. ]
  Script location: common/journal_entries/rome_agenda_journal.txt:35

[02:23:16][jomini_script_system.cpp:247]: Script system error!
  Error: remove_modifier effect [ Timed modifier rome_viae_romanae in scope object 国家 罗马帝国（88） not found. Make sure the modifier is in the same scope as this effect is being run on. ]
  Script location: common/journal_entries/rome_agenda_journal.txt:36

[02:23:16][jomini_script_system.cpp:247]: Script system error!
  Error: remove_modifier effect [ Timed modifier rome_rebuilding_2 in scope object 国家 罗马帝国（88） not found. Make sure the modifier is in the same scope as this effect is being run on. ]
  Script location: common/journal_entries/rome_agenda_journal.txt:33

[02:23:16][jomini_script_system.cpp:247]: Script system error!
  Error: remove_modifier effect [ Timed modifier rome_rebuilding_3 in scope object 国家 罗马帝国（88） not found. Make sure the modifier is in the same scope as this effect is being run on. ]
  Script location: common/journal_entries/rome_agenda_journal.txt:34

[02:23:16][jomini_script_system.cpp:247]: Script system error!
  Error: remove_modifier effect [ Timed modifier rome_rebuilding_4 in scope object 国家 罗马帝国（88） not found. Make sure the modifier is in the same scope as this effect is being run on. ]
  Script location: common/journal_entries/rome_agenda_journal.txt:35

[02:23:16][jomini_script_system.cpp:247]: Script system error!
  Error: remove_modifier effect [ Timed modifier rome_viae_romanae in scope object 国家 罗马帝国（88） not found. Make sure the modifier is in the same scope as this effect is being run on. ]
  Script location: common/journal_entries/rome_agenda_journal.txt:36

[02:23:16][jomini_script_system.cpp:247]: Script system error!
  Error: remove_modifier effect [ Timed modifier rome_rebuilding_2 in scope object 国家 罗马帝国（88） not found. Make sure the modifier is in the same scope as this effect is being run on. ]
  Script location: common/journal_entries/rome_agenda_journal.txt:33

[02:23:16][jomini_script_system.cpp:247]: Script system error!
  Error: remove_modifier effect [ Timed modifier rome_rebuilding_3 in scope object 国家 罗马帝国（88） not found. Make sure the modifier is in the same scope as this effect is being run on. ]
  Script location: common/journal_entries/rome_agenda_journal.txt:34

[02:23:16][jomini_script_system.cpp:247]: Script system error!
  Error: remove_modifier effect [ Timed modifier rome_rebuilding_4 in scope object 国家 罗马帝国（88） not found. Make sure the modifier is in the same scope as this effect is being run on. ]
  Script location: common/journal_entries/rome_agenda_journal.txt:35

[02:23:16][jomini_script_system.cpp:247]: Script system error!
  Error: remove_modifier effect [ Timed modifier rome_viae_romanae in scope object 国家 罗马帝国（88） not found. Make sure the modifier is in the same scope as this effect is being run on. ]
  Script location: common/journal_entries/rome_agenda_journal.txt:36

[02:23:16][jomini_script_system.cpp:247]: Script system error!
  Error: remove_modifier effect [ Timed modifier rome_rebuilding_2 in scope object 国家 罗马帝国（88） not found. Make sure the modifier is in the same scope as this effect is being run on. ]
  Script location: common/journal_entries/rome_agenda_journal.txt:33

[02:23:16][jomini_script_system.cpp:247]: Script system error!
  Error: remove_modifier effect [ Timed modifier rome_rebuilding_3 in scope object 国家 罗马帝国（88） not found. Make sure the modifier is in the same scope as this effect is being run on. ]
  Script location: common/journal_entries/rome_agenda_journal.txt:34

[02:23:16][jomini_script_system.cpp:247]: Script system error!
  Error: remove_modifier effect [ Timed modifier rome_rebuilding_4 in scope object 国家 罗马帝国（88） not found. Make sure the modifier is in the same scope as this effect is being run on. ]
  Script location: common/journal_entries/rome_agenda_journal.txt:35

[02:23:16][jomini_script_system.cpp:247]: Script system error!
  Error: remove_modifier effect [ Timed modifier rome_viae_romanae in scope object 国家 罗马帝国（88） not found. Make sure the modifier is in the same scope as this effect is being run on. ]
  Script location: common/journal_entries/rome_agenda_journal.txt:36

[02:23:16][jomini_script_system.cpp:247]: Script system error!
  Error: remove_modifier effect [ Timed modifier rome_rebuilding_2 in scope object 国家 罗马帝国（88） not found. Make sure the modifier is in the same scope as this effect is being run on. ]
  Script location: common/journal_entries/rome_agenda_journal.txt:33

[02:23:16][jomini_script_system.cpp:247]: Script system error!
  Error: remove_modifier effect [ Timed modifier rome_rebuilding_3 in scope object 国家 罗马帝国（88） not found. Make sure the modifier is in the same scope as this effect is being run on. ]
  Script location: common/journal_entries/rome_agenda_journal.txt:34

[02:23:16][jomini_script_system.cpp:247]: Script system error!
  Error: remove_modifier effect [ Timed modifier rome_rebuilding_4 in scope object 国家 罗马帝国（88） not found. Make sure the modifier is in the same scope as this effect is being run on. ]
  Script location: common/journal_entries/rome_agenda_journal.txt:35

[02:23:16][jomini_script_system.cpp:247]: Script system error!
  Error: remove_modifier effect [ Timed modifier rome_viae_romanae in scope object 国家 罗马帝国（88） not found. Make sure the modifier is in the same scope as this effect is being run on. ]
  Script location: common/journal_entries/rome_agenda_journal.txt:36

[02:23:16][jomini_script_system.cpp:247]: Script system error!
  Error: remove_modifier effect [ Timed modifier rome_rebuilding_2 in scope object 国家 罗马帝国（88） not found. Make sure the modifier is in the same scope as this effect is being run on. ]
  Script location: common/journal_entries/rome_agenda_journal.txt:33

[02:23:16][jomini_script_system.cpp:247]: Script system error!
  Error: remove_modifier effect [ Timed modifier rome_rebuilding_3 in scope object 国家 罗马帝国（88） not found. Make sure the modifier is in the same scope as this effect is being run on. ]
  Script location: common/journal_entries/rome_agenda_journal.txt:34

[02:23:16][jomini_script_system.cpp:247]: Script system error!
  Error: remove_modifier effect [ Timed modifier rome_rebuilding_4 in scope object 国家 罗马帝国（88） not found. Make sure the modifier is in the same scope as this effect is being run on. ]
  Script location: common/journal_entries/rome_agenda_journal.txt:35

[02:23:16][jomini_script_system.cpp:247]: Script system error!
  Error: remove_modifier effect [ Timed modifier rome_viae_romanae in scope object 国家 罗马帝国（88） not found. Make sure the modifier is in the same scope as this effect is being run on. ]
  Script location: common/journal_entries/rome_agenda_journal.txt:36

[02:23:16][jomini_script_system.cpp:247]: Script system error!
  Error: remove_modifier effect [ Timed modifier rome_rebuilding_2 in scope object 国家 罗马帝国（88） not found. Make sure the modifier is in the same scope as this effect is being run on. ]
  Script location: common/journal_entries/rome_agenda_journal.txt:33

[02:23:16][jomini_script_system.cpp:247]: Script system error!
  Error: remove_modifier effect [ Timed modifier rome_rebuilding_3 in scope object 国家 罗马帝国（88） not found. Make sure the modifier is in the same scope as this effect is being run on. ]
  Script location: common/journal_entries/rome_agenda_journal.txt:34

[02:23:16][jomini_script_system.cpp:247]: Script system error!
  Error: remove_modifier effect [ Timed modifier rome_rebuilding_4 in scope object 国家 罗马帝国（88） not found. Make sure the modifier is in the same scope as this effect is being run on. ]
  Script location: common/journal_entries/rome_agenda_journal.txt:35

[02:23:16][jomini_script_system.cpp:247]: Script system error!
  Error: remove_modifier effect [ Timed modifier rome_viae_romanae in scope object 国家 罗马帝国（88） not found. Make sure the modifier is in the same scope as this effect is being run on. ]
  Script location: common/journal_entries/rome_agenda_journal.txt:36

[02:23:16][jomini_script_system.cpp:247]: Script system error!
  Error: remove_modifier effect [ Timed modifier rome_rebuilding_2 in scope object 国家 罗马帝国（88） not found. Make sure the modifier is in the same scope as this effect is being run on. ]
  Script location: common/journal_entries/rome_agenda_journal.txt:33

[02:23:16][jomini_script_system.cpp:247]: Script system error!
  Error: remove_modifier effect [ Timed modifier rome_rebuilding_3 in scope object 国家 罗马帝国（88） not found. Make sure the modifier is in the same scope as this effect is being run on. ]
  Script location: common/journal_entries/rome_agenda_journal.txt:34

[02:23:16][jomini_script_system.cpp:247]: Script system error!
  Error: remove_modifier effect [ Timed modifier rome_rebuilding_4 in scope object 国家 罗马帝国（88） not found. Make sure the modifier is in the same scope as this effect is being run on. ]
  Script location: common/journal_entries/rome_agenda_journal.txt:35

[02:23:16][jomini_script_system.cpp:247]: Script system error!
  Error: remove_modifier effect [ Timed modifier rome_viae_romanae in scope object 国家 罗马帝国（88） not found. Make sure the modifier is in the same scope as this effect is being run on. ]
  Script location: common/journal_entries/rome_agenda_journal.txt:36

[02:23:16][jomini_script_system.cpp:247]: Script system error!
  Error: remove_modifier effect [ Timed modifier rome_rebuilding_2 in scope object 国家 罗马帝国（88） not found. Make sure the modifier is in the same scope as this effect is being run on. ]
  Script location: common/journal_entries/rome_agenda_journal.txt:33

[02:23:16][jomini_script_system.cpp:247]: Script system error!
  Error: remove_modifier effect [ Timed modifier rome_rebuilding_3 in scope object 国家 罗马帝国（88） not found. Make sure the modifier is in the same scope as this effect is being run on. ]
  Script location: common/journal_entries/rome_agenda_journal.txt:34

[02:23:16][jomini_script_system.cpp:247]: Script system error!
  Error: remove_modifier effect [ Timed modifier rome_rebuilding_4 in scope object 国家 罗马帝国（88） not found. Make sure the modifier is in the same scope as this effect is being run on. ]
  Script location: common/journal_entries/rome_agenda_journal.txt:35

[02:23:16][jomini_script_system.cpp:247]: Script system error!
  Error: remove_modifier effect [ Timed modifier rome_viae_romanae in scope object 国家 罗马帝国（88） not found. Make sure the modifier is in the same scope as this effect is being run on. ]
  Script location: common/journal_entries/rome_agenda_journal.txt:36

[02:23:16][jomini_script_system.cpp:247]: Script system error!
  Error: remove_modifier effect [ Timed modifier rome_rebuilding_2 in scope object 国家 罗马帝国（88） not found. Make sure the modifier is in the same scope as this effect is being run on. ]
  Script location: common/journal_entries/rome_agenda_journal.txt:33

[02:23:16][jomini_script_system.cpp:247]: Script system error!
  Error: remove_modifier effect [ Timed modifier rome_rebuilding_3 in scope object 国家 罗马帝国（88） not found. Make sure the modifier is in the same scope as this effect is being run on. ]
  Script location: common/journal_entries/rome_agenda_journal.txt:34

[02:23:16][jomini_script_system.cpp:247]: Script system error!
  Error: remove_modifier effect [ Timed modifier rome_rebuilding_4 in scope object 国家 罗马帝国（88） not found. Make sure the modifier is in the same scope as this effect is being run on. ]
  Script location: common/journal_entries/rome_agenda_journal.txt:35

[02:23:16][jomini_script_system.cpp:247]: Script system error!
  Error: remove_modifier effect [ Timed modifier rome_viae_romanae in scope object 国家 罗马帝国（88） not found. Make sure the modifier is in the same scope as this effect is being run on. ]
  Script location: common/journal_entries/rome_agenda_journal.txt:36

[02:23:17][jomini_script_system.cpp:247]: Script system error!
  Error: remove_modifier effect [ Timed modifier rome_rebuilding_2 in scope object 国家 罗马帝国（88） not found. Make sure the modifier is in the same scope as this effect is being run on. ]
  Script location: common/journal_entries/rome_agenda_journal.txt:33

[02:23:17][jomini_script_system.cpp:247]: Script system error!
  Error: remove_modifier effect [ Timed modifier rome_rebuilding_3 in scope object 国家 罗马帝国（88） not found. Make sure the modifier is in the same scope as this effect is being run on. ]
  Script location: common/journal_entries/rome_agenda_journal.txt:34

[02:23:17][jomini_script_system.cpp:247]: Script system error!
  Error: remove_modifier effect [ Timed modifier rome_rebuilding_4 in scope object 国家 罗马帝国（88） not found. Make sure the modifier is in the same scope as this effect is being run on. ]
  Script location: common/journal_entries/rome_agenda_journal.txt:35

[02:23:17][jomini_script_system.cpp:247]: Script system error!
  Error: remove_modifier effect [ Timed modifier rome_viae_romanae in scope object 国家 罗马帝国（88） not found. Make sure the modifier is in the same scope as this effect is being run on. ]
  Script location: common/journal_entries/rome_agenda_journal.txt:36

[02:23:17][jomini_script_system.cpp:247]: Script system error!
  Error: remove_modifier effect [ Timed modifier rome_rebuilding_2 in scope object 国家 罗马帝国（88） not found. Make sure the modifier is in the same scope as this effect is being run on. ]
  Script location: common/journal_entries/rome_agenda_journal.txt:33

[02:23:17][jomini_script_system.cpp:247]: Script system error!
  Error: remove_modifier effect [ Timed modifier rome_rebuilding_3 in scope object 国家 罗马帝国（88） not found. Make sure the modifier is in the same scope as this effect is being run on. ]
  Script location: common/journal_entries/rome_agenda_journal.txt:34

[02:23:17][jomini_script_system.cpp:247]: Script system error!
  Error: remove_modifier effect [ Timed modifier rome_rebuilding_4 in scope object 国家 罗马帝国（88） not found. Make sure the modifier is in the same scope as this effect is being run on. ]
  Script location: common/journal_entries/rome_agenda_journal.txt:35

[02:23:17][jomini_script_system.cpp:247]: Script system error!
  Error: remove_modifier effect [ Timed modifier rome_viae_romanae in scope object 国家 罗马帝国（88） not found. Make sure the modifier is in the same scope as this effect is being run on. ]
  Script location: common/journal_entries/rome_agenda_journal.txt:36

[02:23:17][jomini_script_system.cpp:247]: Script system error!
  Error: remove_modifier effect [ Timed modifier rome_rebuilding_2 in scope object 国家 罗马帝国（88） not found. Make sure the modifier is in the same scope as this effect is being run on. ]
  Script location: common/journal_entries/rome_agenda_journal.txt:33

[02:23:17][jomini_script_system.cpp:247]: Script system error!
  Error: remove_modifier effect [ Timed modifier rome_rebuilding_3 in scope object 国家 罗马帝国（88） not found. Make sure the modifier is in the same scope as this effect is being run on. ]
  Script location: common/journal_entries/rome_agenda_journal.txt:34

[02:23:17][jomini_script_system.cpp:247]: Script system error!
  Error: remove_modifier effect [ Timed modifier rome_rebuilding_4 in scope object 国家 罗马帝国（88） not found. Make sure the modifier is in the same scope as this effect is being run on. ]
  Script location: common/journal_entries/rome_agenda_journal.txt:35

[02:23:17][jomini_script_system.cpp:247]: Script system error!
  Error: remove_modifier effect [ Timed modifier rome_viae_romanae in scope object 国家 罗马帝国（88） not found. Make sure the modifier is in the same scope as this effect is being run on. ]
  Script location: common/journal_entries/rome_agenda_journal.txt:36

[02:23:17][jomini_script_system.cpp:247]: Script system error!
  Error: remove_modifier effect [ Timed modifier rome_rebuilding_2 in scope object 国家 罗马帝国（88） not found. Make sure the modifier is in the same scope as this effect is being run on. ]
  Script location: common/journal_entries/rome_agenda_journal.txt:33

[02:23:17][jomini_script_system.cpp:247]: Script system error!
  Error: remove_modifier effect [ Timed modifier rome_rebuilding_3 in scope object 国家 罗马帝国（88） not found. Make sure the modifier is in the same scope as this effect is being run on. ]
  Script location: common/journal_entries/rome_agenda_journal.txt:34

[02:23:17][jomini_script_system.cpp:247]: Script system error!
  Error: remove_modifier effect [ Timed modifier rome_rebuilding_4 in scope object 国家 罗马帝国（88） not found. Make sure the modifier is in the same scope as this effect is being run on. ]
  Script location: common/journal_entries/rome_agenda_journal.txt:35

[02:23:17][jomini_script_system.cpp:247]: Script system error!
  Error: remove_modifier effect [ Timed modifier rome_viae_romanae in scope object 国家 罗马帝国（88） not found. Make sure the modifier is in the same scope as this effect is being run on. ]
  Script location: common/journal_entries/rome_agenda_journal.txt:36

[02:23:17][jomini_script_system.cpp:247]: Script system error!
  Error: remove_modifier effect [ Timed modifier rome_rebuilding_2 in scope object 国家 罗马帝国（88） not found. Make sure the modifier is in the same scope as this effect is being run on. ]
  Script location: common/journal_entries/rome_agenda_journal.txt:33

[02:23:17][jomini_script_system.cpp:247]: Script system error!
  Error: remove_modifier effect [ Timed modifier rome_rebuilding_3 in scope object 国家 罗马帝国（88） not found. Make sure the modifier is in the same scope as this effect is being run on. ]
  Script location: common/journal_entries/rome_agenda_journal.txt:34

[02:23:17][jomini_script_system.cpp:247]: Script system error!
  Error: remove_modifier effect [ Timed modifier rome_rebuilding_4 in scope object 国家 罗马帝国（88） not found. Make sure the modifier is in the same scope as this effect is being run on. ]
  Script location: common/journal_entries/rome_agenda_journal.txt:35

[02:23:17][jomini_script_system.cpp:247]: Script system error!
  Error: remove_modifier effect [ Timed modifier rome_viae_romanae in scope object 国家 罗马帝国（88） not found. Make sure the modifier is in the same scope as this effect is being run on. ]
  Script location: common/journal_entries/rome_agenda_journal.txt:36

[02:23:17][jomini_script_system.cpp:247]: Script system error!
  Error: remove_modifier effect [ Timed modifier rome_rebuilding_2 in scope object 国家 罗马帝国（88） not found. Make sure the modifier is in the same scope as this effect is being run on. ]
  Script location: common/journal_entries/rome_agenda_journal.txt:33

[02:23:17][jomini_script_system.cpp:247]: Script system error!
  Error: remove_modifier effect [ Timed modifier rome_rebuilding_3 in scope object 国家 罗马帝国（88） not found. Make sure the modifier is in the same scope as this effect is being run on. ]
  Script location: common/journal_entries/rome_agenda_journal.txt:34

[02:23:17][jomini_script_system.cpp:247]: Script system error!
  Error: remove_modifier effect [ Timed modifier rome_rebuilding_4 in scope object 国家 罗马帝国（88） not found. Make sure the modifier is in the same scope as this effect is being run on. ]
  Script location: common/journal_entries/rome_agenda_journal.txt:35

[02:23:17][jomini_script_system.cpp:247]: Script system error!
  Error: remove_modifier effect [ Timed modifier rome_viae_romanae in scope object 国家 罗马帝国（88） not found. Make sure the modifier is in the same scope as this effect is being run on. ]
  Script location: common/journal_entries/rome_agenda_journal.txt:36

[02:23:17][jomini_script_system.cpp:247]: Script system error!
  Error: remove_modifier effect [ Timed modifier rome_rebuilding_2 in scope object 国家 罗马帝国（88） not found. Make sure the modifier is in the same scope as this effect is being run on. ]
  Script location: common/journal_entries/rome_agenda_journal.txt:33

[02:23:17][jomini_script_system.cpp:247]: Script system error!
  Error: remove_modifier effect [ Timed modifier rome_rebuilding_3 in scope object 国家 罗马帝国（88） not found. Make sure the modifier is in the same scope as this effect is being run on. ]
  Script location: common/journal_entries/rome_agenda_journal.txt:34

[02:23:17][jomini_script_system.cpp:247]: Script system error!
  Error: remove_modifier effect [ Timed modifier rome_rebuilding_4 in scope object 国家 罗马帝国（88） not found. Make sure the modifier is in the same scope as this effect is being run on. ]
  Script location: common/journal_entries/rome_agenda_journal.txt:35

[02:23:17][jomini_script_system.cpp:247]: Script system error!
  Error: remove_modifier effect [ Timed modifier rome_viae_romanae in scope object 国家 罗马帝国（88） not found. Make sure the modifier is in the same scope as this effect is being run on. ]
  Script location: common/journal_entries/rome_agenda_journal.txt:36

[02:23:17][jomini_script_system.cpp:247]: Script system error!
  Error: remove_modifier effect [ Timed modifier rome_rebuilding_2 in scope object 国家 罗马帝国（88） not found. Make sure the modifier is in the same scope as this effect is being run on. ]
  Script location: common/journal_entries/rome_agenda_journal.txt:33

[02:23:17][jomini_script_system.cpp:247]: Script system error!
  Error: remove_modifier effect [ Timed modifier rome_rebuilding_3 in scope object 国家 罗马帝国（88） not found. Make sure the modifier is in the same scope as this effect is being run on. ]
  Script location: common/journal_entries/rome_agenda_journal.txt:34

[02:23:17][jomini_script_system.cpp:247]: Script system error!
  Error: remove_modifier effect [ Timed modifier rome_rebuilding_4 in scope object 国家 罗马帝国（88） not found. Make sure the modifier is in the same scope as this effect is being run on. ]
  Script location: common/journal_entries/rome_agenda_journal.txt:35

[02:23:17][jomini_script_system.cpp:247]: Script system error!
  Error: remove_modifier effect [ Timed modifier rome_viae_romanae in scope object 国家 罗马帝国（88） not found. Make sure the modifier is in the same scope as this effect is being run on. ]
  Script location: common/journal_entries/rome_agenda_journal.txt:36

[02:23:17][jomini_script_system.cpp:247]: Script system error!
  Error: remove_modifier effect [ Timed modifier rome_rebuilding_2 in scope object 国家 罗马帝国（88） not found. Make sure the modifier is in the same scope as this effect is being run on. ]
  Script location: common/journal_entries/rome_agenda_journal.txt:33

[02:23:17][jomini_script_system.cpp:247]: Script system error!
  Error: remove_modifier effect [ Timed modifier rome_rebuilding_3 in scope object 国家 罗马帝国（88） not found. Make sure the modifier is in the same scope as this effect is being run on. ]
  Script location: common/journal_entries/rome_agenda_journal.txt:34

[02:23:17][jomini_script_system.cpp:247]: Script system error!
  Error: remove_modifier effect [ Timed modifier rome_rebuilding_4 in scope object 国家 罗马帝国（88） not found. Make sure the modifier is in the same scope as this effect is being run on. ]
  Script location: common/journal_entries/rome_agenda_journal.txt:35

[02:23:17][jomini_script_system.cpp:247]: Script system error!
  Error: remove_modifier effect [ Timed modifier rome_viae_romanae in scope object 国家 罗马帝国（88） not found. Make sure the modifier is in the same scope as this effect is being run on. ]
  Script location: common/journal_entries/rome_agenda_journal.txt:36

[02:23:17][jomini_script_system.cpp:247]: Script system error!
  Error: remove_modifier effect [ Timed modifier rome_rebuilding_2 in scope object 国家 罗马帝国（88） not found. Make sure the modifier is in the same scope as this effect is being run on. ]
  Script location: common/journal_entries/rome_agenda_journal.txt:33

[02:23:17][jomini_script_system.cpp:247]: Script system error!
  Error: remove_modifier effect [ Timed modifier rome_rebuilding_3 in scope object 国家 罗马帝国（88） not found. Make sure the modifier is in the same scope as this effect is being run on. ]
  Script location: common/journal_entries/rome_agenda_journal.txt:34

[02:23:17][jomini_script_system.cpp:247]: Script system error!
  Error: remove_modifier effect [ Timed modifier rome_rebuilding_4 in scope object 国家 罗马帝国（88） not found. Make sure the modifier is in the same scope as this effect is being run on. ]
  Script location: common/journal_entries/rome_agenda_journal.txt:35

[02:23:17][jomini_script_system.cpp:247]: Script system error!
  Error: remove_modifier effect [ Timed modifier rome_viae_romanae in scope object 国家 罗马帝国（88） not found. Make sure the modifier is in the same scope as this effect is being run on. ]
  Script location: common/journal_entries/rome_agenda_journal.txt:36

[02:23:17][jomini_script_system.cpp:247]: Script system error!
  Error: remove_modifier effect [ Timed modifier rome_rebuilding_2 in scope object 国家 罗马帝国（88） not found. Make sure the modifier is in the same scope as this effect is being run on. ]
  Script location: common/journal_entries/rome_agenda_journal.txt:33

[02:23:17][jomini_script_system.cpp:247]: Script system error!
  Error: remove_modifier effect [ Timed modifier rome_rebuilding_3 in scope object 国家 罗马帝国（88） not found. Make sure the modifier is in the same scope as this effect is being run on. ]
  Script location: common/journal_entries/rome_agenda_journal.txt:34

[02:23:17][jomini_script_system.cpp:247]: Script system error!
  Error: remove_modifier effect [ Timed modifier rome_rebuilding_4 in scope object 国家 罗马帝国（88） not found. Make sure the modifier is in the same scope as this effect is being run on. ]
  Script location: common/journal_entries/rome_agenda_journal.txt:35

[02:23:17][jomini_script_system.cpp:247]: Script system error!
  Error: remove_modifier effect [ Timed modifier rome_viae_romanae in scope object 国家 罗马帝国（88） not found. Make sure the modifier is in the same scope as this effect is being run on. ]
  Script location: common/journal_entries/rome_agenda_journal.txt:36

[02:23:17][jomini_script_system.cpp:247]: Script system error!
  Error: remove_modifier effect [ Timed modifier rome_rebuilding_2 in scope object 国家 罗马帝国（88） not found. Make sure the modifier is in the same scope as this effect is being run on. ]
  Script location: common/journal_entries/rome_agenda_journal.txt:33

[02:23:17][jomini_script_system.cpp:247]: Script system error!
  Error: remove_modifier effect [ Timed modifier rome_rebuilding_3 in scope object 国家 罗马帝国（88） not found. Make sure the modifier is in the same scope as this effect is being run on. ]
  Script location: common/journal_entries/rome_agenda_journal.txt:34

[02:23:17][jomini_script_system.cpp:247]: Script system error!
  Error: remove_modifier effect [ Timed modifier rome_rebuilding_4 in scope object 国家 罗马帝国（88） not found. Make sure the modifier is in the same scope as this effect is being run on. ]
  Script location: common/journal_entries/rome_agenda_journal.txt:35

[02:23:17][jomini_script_system.cpp:247]: Script system error!
  Error: remove_modifier effect [ Timed modifier rome_viae_romanae in scope object 国家 罗马帝国（88） not found. Make sure the modifier is in the same scope as this effect is being run on. ]
  Script location: common/journal_entries/rome_agenda_journal.txt:36

[02:23:17][jomini_script_system.cpp:247]: Script system error!
  Error: remove_modifier effect [ Timed modifier rome_rebuilding_2 in scope object 国家 罗马帝国（88） not found. Make sure the modifier is in the same scope as this effect is being run on. ]
  Script location: common/journal_entries/rome_agenda_journal.txt:33

[02:23:17][jomini_script_system.cpp:247]: Script system error!
  Error: remove_modifier effect [ Timed modifier rome_rebuilding_3 in scope object 国家 罗马帝国（88） not found. Make sure the modifier is in the same scope as this effect is being run on. ]
  Script location: common/journal_entries/rome_agenda_journal.txt:34

[02:23:17][jomini_script_system.cpp:247]: Script system error!
  Error: remove_modifier effect [ Timed modifier rome_rebuilding_4 in scope object 国家 罗马帝国（88） not found. Make sure the modifier is in the same scope as this effect is being run on. ]
  Script location: common/journal_entries/rome_agenda_journal.txt:35

[02:23:17][jomini_script_system.cpp:247]: Script system error!
  Error: remove_modifier effect [ Timed modifier rome_viae_romanae in scope object 国家 罗马帝国（88） not found. Make sure the modifier is in the same scope as this effect is being run on. ]
  Script location: common/journal_entries/rome_agenda_journal.txt:36

[02:23:17][jomini_script_system.cpp:247]: Script system error!
  Error: remove_modifier effect [ Timed modifier rome_rebuilding_2 in scope object 国家 罗马帝国（88） not found. Make sure the modifier is in the same scope as this effect is being run on. ]
  Script location: common/journal_entries/rome_agenda_journal.txt:33

[02:23:17][jomini_script_system.cpp:247]: Script system error!
  Error: remove_modifier effect [ Timed modifier rome_rebuilding_3 in scope object 国家 罗马帝国（88） not found. Make sure the modifier is in the same scope as this effect is being run on. ]
  Script location: common/journal_entries/rome_agenda_journal.txt:34

[02:23:17][jomini_script_system.cpp:247]: Script system error!
  Error: remove_modifier effect [ Timed modifier rome_rebuilding_4 in scope object 国家 罗马帝国（88） not found. Make sure the modifier is in the same scope as this effect is being run on. ]
  Script location: common/journal_entries/rome_agenda_journal.txt:35

[02:23:17][jomini_script_system.cpp:247]: Script system error!
  Error: remove_modifier effect [ Timed modifier rome_viae_romanae in scope object 国家 罗马帝国（88） not found. Make sure the modifier is in the same scope as this effect is being run on. ]
  Script location: common/journal_entries/rome_agenda_journal.txt:36

[02:23:17][jomini_script_system.cpp:247]: Script system error!
  Error: remove_modifier effect [ Timed modifier rome_rebuilding_2 in scope object 国家 罗马帝国（88） not found. Make sure the modifier is in the same scope as this effect is being run on. ]
  Script location: common/journal_entries/rome_agenda_journal.txt:33

[02:23:17][jomini_script_system.cpp:247]: Script system error!
  Error: remove_modifier effect [ Timed modifier rome_rebuilding_3 in scope object 国家 罗马帝国（88） not found. Make sure the modifier is in the same scope as this effect is being run on. ]
  Script location: common/journal_entries/rome_agenda_journal.txt:34

[02:23:17][jomini_script_system.cpp:247]: Script system error!
  Error: remove_modifier effect [ Timed modifier rome_rebuilding_4 in scope object 国家 罗马帝国（88） not found. Make sure the modifier is in the same scope as this effect is being run on. ]
  Script location: common/journal_entries/rome_agenda_journal.txt:35

[02:23:17][jomini_script_system.cpp:247]: Script system error!
  Error: remove_modifier effect [ Timed modifier rome_viae_romanae in scope object 国家 罗马帝国（88） not found. Make sure the modifier is in the same scope as this effect is being run on. ]
  Script location: common/journal_entries/rome_agenda_journal.txt:36

[02:23:18][jomini_script_system.cpp:247]: Script system error!
  Error: remove_modifier effect [ Timed modifier rome_rebuilding_2 in scope object 国家 罗马帝国（88） not found. Make sure the modifier is in the same scope as this effect is being run on. ]
  Script location: common/journal_entries/rome_agenda_journal.txt:33

[02:23:18][jomini_script_system.cpp:247]: Script system error!
  Error: remove_modifier effect [ Timed modifier rome_rebuilding_3 in scope object 国家 罗马帝国（88） not found. Make sure the modifier is in the same scope as this effect is being run on. ]
  Script location: common/journal_entries/rome_agenda_journal.txt:34

[02:23:18][jomini_script_system.cpp:247]: Script system error!
  Error: remove_modifier effect [ Timed modifier rome_rebuilding_4 in scope object 国家 罗马帝国（88） not found. Make sure the modifier is in the same scope as this effect is being run on. ]
  Script location: common/journal_entries/rome_agenda_journal.txt:35

[02:23:18][jomini_script_system.cpp:247]: Script system error!
  Error: remove_modifier effect [ Timed modifier rome_viae_romanae in scope object 国家 罗马帝国（88） not found. Make sure the modifier is in the same scope as this effect is being run on. ]
  Script location: common/journal_entries/rome_agenda_journal.txt:36

[02:23:18][jomini_script_system.cpp:247]: Script system error!
  Error: remove_modifier effect [ Timed modifier rome_rebuilding_2 in scope object 国家 罗马帝国（88） not found. Make sure the modifier is in the same scope as this effect is being run on. ]
  Script location: common/journal_entries/rome_agenda_journal.txt:33

[02:23:18][jomini_script_system.cpp:247]: Script system error!
  Error: remove_modifier effect [ Timed modifier rome_rebuilding_3 in scope object 国家 罗马帝国（88） not found. Make sure the modifier is in the same scope as this effect is being run on. ]
  Script location: common/journal_entries/rome_agenda_journal.txt:34

[02:23:18][jomini_script_system.cpp:247]: Script system error!
  Error: remove_modifier effect [ Timed modifier rome_rebuilding_4 in scope object 国家 罗马帝国（88） not found. Make sure the modifier is in the same scope as this effect is being run on. ]
  Script location: common/journal_entries/rome_agenda_journal.txt:35

[02:23:18][jomini_script_system.cpp:247]: Script system error!
  Error: remove_modifier effect [ Timed modifier rome_viae_romanae in scope object 国家 罗马帝国（88） not found. Make sure the modifier is in the same scope as this effect is being run on. ]
  Script location: common/journal_entries/rome_agenda_journal.txt:36

[02:23:18][jomini_script_system.cpp:247]: Script system error!
  Error: remove_modifier effect [ Timed modifier rome_rebuilding_2 in scope object 国家 罗马帝国（88） not found. Make sure the modifier is in the same scope as this effect is being run on. ]
  Script location: common/journal_entries/rome_agenda_journal.txt:33

[02:23:18][jomini_script_system.cpp:247]: Script system error!
  Error: remove_modifier effect [ Timed modifier rome_rebuilding_3 in scope object 国家 罗马帝国（88） not found. Make sure the modifier is in the same scope as this effect is being run on. ]
  Script location: common/journal_entries/rome_agenda_journal.txt:34

[02:23:18][jomini_script_system.cpp:247]: Script system error!
  Error: remove_modifier effect [ Timed modifier rome_rebuilding_4 in scope object 国家 罗马帝国（88） not found. Make sure the modifier is in the same scope as this effect is being run on. ]
  Script location: common/journal_entries/rome_agenda_journal.txt:35

[02:23:18][jomini_script_system.cpp:247]: Script system error!
  Error: remove_modifier effect [ Timed modifier rome_viae_romanae in scope object 国家 罗马帝国（88） not found. Make sure the modifier is in the same scope as this effect is being run on. ]
  Script location: common/journal_entries/rome_agenda_journal.txt:36

[02:23:18][jomini_script_system.cpp:247]: Script system error!
  Error: remove_modifier effect [ Timed modifier rome_rebuilding_2 in scope object 国家 罗马帝国（88） not found. Make sure the modifier is in the same scope as this effect is being run on. ]
  Script location: common/journal_entries/rome_agenda_journal.txt:33

[02:23:18][jomini_script_system.cpp:247]: Script system error!
  Error: remove_modifier effect [ Timed modifier rome_rebuilding_3 in scope object 国家 罗马帝国（88） not found. Make sure the modifier is in the same scope as this effect is being run on. ]
  Script location: common/journal_entries/rome_agenda_journal.txt:34

[02:23:18][jomini_script_system.cpp:247]: Script system error!
  Error: remove_modifier effect [ Timed modifier rome_rebuilding_4 in scope object 国家 罗马帝国（88） not found. Make sure the modifier is in the same scope as this effect is being run on. ]
  Script location: common/journal_entries/rome_agenda_journal.txt:35

[02:23:18][jomini_script_system.cpp:247]: Script system error!
  Error: remove_modifier effect [ Timed modifier rome_viae_romanae in scope object 国家 罗马帝国（88） not found. Make sure the modifier is in the same scope as this effect is being run on. ]
  Script location: common/journal_entries/rome_agenda_journal.txt:36

[02:23:18][jomini_script_system.cpp:247]: Script system error!
  Error: remove_modifier effect [ Timed modifier rome_rebuilding_2 in scope object 国家 罗马帝国（88） not found. Make sure the modifier is in the same scope as this effect is being run on. ]
  Script location: common/journal_entries/rome_agenda_journal.txt:33

[02:23:18][jomini_script_system.cpp:247]: Script system error!
  Error: remove_modifier effect [ Timed modifier rome_rebuilding_3 in scope object 国家 罗马帝国（88） not found. Make sure the modifier is in the same scope as this effect is being run on. ]
  Script location: common/journal_entries/rome_agenda_journal.txt:34

[02:23:18][jomini_script_system.cpp:247]: Script system error!
  Error: remove_modifier effect [ Timed modifier rome_rebuilding_4 in scope object 国家 罗马帝国（88） not found. Make sure the modifier is in the same scope as this effect is being run on. ]
  Script location: common/journal_entries/rome_agenda_journal.txt:35

[02:23:18][jomini_script_system.cpp:247]: Script system error!
  Error: remove_modifier effect [ Timed modifier rome_viae_romanae in scope object 国家 罗马帝国（88） not found. Make sure the modifier is in the same scope as this effect is being run on. ]
  Script location: common/journal_entries/rome_agenda_journal.txt:36

[02:23:18][jomini_script_system.cpp:247]: Script system error!
  Error: remove_modifier effect [ Timed modifier rome_rebuilding_2 in scope object 国家 罗马帝国（88） not found. Make sure the modifier is in the same scope as this effect is being run on. ]
  Script location: common/journal_entries/rome_agenda_journal.txt:33

[02:23:18][jomini_script_system.cpp:247]: Script system error!
  Error: remove_modifier effect [ Timed modifier rome_rebuilding_3 in scope object 国家 罗马帝国（88） not found. Make sure the modifier is in the same scope as this effect is being run on. ]
  Script location: common/journal_entries/rome_agenda_journal.txt:34

[02:23:18][jomini_script_system.cpp:247]: Script system error!
  Error: remove_modifier effect [ Timed modifier rome_rebuilding_4 in scope object 国家 罗马帝国（88） not found. Make sure the modifier is in the same scope as this effect is being run on. ]
  Script location: common/journal_entries/rome_agenda_journal.txt:35

[02:23:18][jomini_script_system.cpp:247]: Script system error!
  Error: remove_modifier effect [ Timed modifier rome_viae_romanae in scope object 国家 罗马帝国（88） not found. Make sure the modifier is in the same scope as this effect is being run on. ]
  Script location: common/journal_entries/rome_agenda_journal.txt:36

[02:23:18][jomini_script_system.cpp:247]: Script system error!
  Error: remove_modifier effect [ Timed modifier rome_rebuilding_2 in scope object 国家 罗马帝国（88） not found. Make sure the modifier is in the same scope as this effect is being run on. ]
  Script location: common/journal_entries/rome_agenda_journal.txt:33

[02:23:18][jomini_script_system.cpp:247]: Script system error!
  Error: remove_modifier effect [ Timed modifier rome_rebuilding_3 in scope object 国家 罗马帝国（88） not found. Make sure the modifier is in the same scope as this effect is being run on. ]
  Script location: common/journal_entries/rome_agenda_journal.txt:34

[02:23:18][jomini_script_system.cpp:247]: Script system error!
  Error: remove_modifier effect [ Timed modifier rome_rebuilding_4 in scope object 国家 罗马帝国（88） not found. Make sure the modifier is in the same scope as this effect is being run on. ]
  Script location: common/journal_entries/rome_agenda_journal.txt:35

[02:23:18][jomini_script_system.cpp:247]: Script system error!
  Error: remove_modifier effect [ Timed modifier rome_viae_romanae in scope object 国家 罗马帝国（88） not found. Make sure the modifier is in the same scope as this effect is being run on. ]
  Script location: common/journal_entries/rome_agenda_journal.txt:36

[02:23:18][jomini_script_system.cpp:247]: Script system error!
  Error: remove_modifier effect [ Timed modifier rome_rebuilding_2 in scope object 国家 罗马帝国（88） not found. Make sure the modifier is in the same scope as this effect is being run on. ]
  Script location: common/journal_entries/rome_agenda_journal.txt:33

[02:23:18][jomini_script_system.cpp:247]: Script system error!
  Error: remove_modifier effect [ Timed modifier rome_rebuilding_3 in scope object 国家 罗马帝国（88） not found. Make sure the modifier is in the same scope as this effect is being run on. ]
  Script location: common/journal_entries/rome_agenda_journal.txt:34

[02:23:18][jomini_script_system.cpp:247]: Script system error!
  Error: remove_modifier effect [ Timed modifier rome_rebuilding_4 in scope object 国家 罗马帝国（88） not found. Make sure the modifier is in the same scope as this effect is being run on. ]
  Script location: common/journal_entries/rome_agenda_journal.txt:35

[02:23:18][jomini_script_system.cpp:247]: Script system error!
  Error: remove_modifier effect [ Timed modifier rome_viae_romanae in scope object 国家 罗马帝国（88） not found. Make sure the modifier is in the same scope as this effect is being run on. ]
  Script location: common/journal_entries/rome_agenda_journal.txt:36

[02:23:18][jomini_script_system.cpp:247]: Script system error!
  Error: remove_modifier effect [ Timed modifier rome_rebuilding_2 in scope object 国家 罗马帝国（88） not found. Make sure the modifier is in the same scope as this effect is being run on. ]
  Script location: common/journal_entries/rome_agenda_journal.txt:33

[02:23:18][jomini_script_system.cpp:247]: Script system error!
  Error: remove_modifier effect [ Timed modifier rome_rebuilding_3 in scope object 国家 罗马帝国（88） not found. Make sure the modifier is in the same scope as this effect is being run on. ]
  Script location: common/journal_entries/rome_agenda_journal.txt:34

[02:23:18][jomini_script_system.cpp:247]: Script system error!
  Error: remove_modifier effect [ Timed modifier rome_rebuilding_4 in scope object 国家 罗马帝国（88） not found. Make sure the modifier is in the same scope as this effect is being run on. ]
  Script location: common/journal_entries/rome_agenda_journal.txt:35

[02:23:18][jomini_script_system.cpp:247]: Script system error!
  Error: remove_modifier effect [ Timed modifier rome_viae_romanae in scope object 国家 罗马帝国（88） not found. Make sure the modifier is in the same scope as this effect is being run on. ]
  Script location: common/journal_entries/rome_agenda_journal.txt:36

[02:23:18][jomini_script_system.cpp:247]: Script system error!
  Error: remove_modifier effect [ Timed modifier rome_rebuilding_2 in scope object 国家 罗马帝国（88） not found. Make sure the modifier is in the same scope as this effect is being run on. ]
  Script location: common/journal_entries/rome_agenda_journal.txt:33

[02:23:18][jomini_script_system.cpp:247]: Script system error!
  Error: remove_modifier effect [ Timed modifier rome_rebuilding_3 in scope object 国家 罗马帝国（88） not found. Make sure the modifier is in the same scope as this effect is being run on. ]
  Script location: common/journal_entries/rome_agenda_journal.txt:34

[02:23:18][jomini_script_system.cpp:247]: Script system error!
  Error: remove_modifier effect [ Timed modifier rome_rebuilding_4 in scope object 国家 罗马帝国（88） not found. Make sure the modifier is in the same scope as this effect is being run on. ]
  Script location: common/journal_entries/rome_agenda_journal.txt:35

[02:23:18][jomini_script_system.cpp:247]: Script system error!
  Error: remove_modifier effect [ Timed modifier rome_viae_romanae in scope object 国家 罗马帝国（88） not found. Make sure the modifier is in the same scope as this effect is being run on. ]
  Script location: common/journal_entries/rome_agenda_journal.txt:36

[02:23:18][jomini_script_system.cpp:247]: Script system error!
  Error: remove_modifier effect [ Timed modifier rome_rebuilding_2 in scope object 国家 罗马帝国（88） not found. Make sure the modifier is in the same scope as this effect is being run on. ]
  Script location: common/journal_entries/rome_agenda_journal.txt:33

[02:23:18][jomini_script_system.cpp:247]: Script system error!
  Error: remove_modifier effect [ Timed modifier rome_rebuilding_3 in scope object 国家 罗马帝国（88） not found. Make sure the modifier is in the same scope as this effect is being run on. ]
  Script location: common/journal_entries/rome_agenda_journal.txt:34

[02:23:18][jomini_script_system.cpp:247]: Script system error!
  Error: remove_modifier effect [ Timed modifier rome_rebuilding_4 in scope object 国家 罗马帝国（88） not found. Make sure the modifier is in the same scope as this effect is being run on. ]
  Script location: common/journal_entries/rome_agenda_journal.txt:35

[02:23:18][jomini_script_system.cpp:247]: Script system error!
  Error: remove_modifier effect [ Timed modifier rome_viae_romanae in scope object 国家 罗马帝国（88） not found. Make sure the modifier is in the same scope as this effect is being run on. ]
  Script location: common/journal_entries/rome_agenda_journal.txt:36

[02:23:18][jomini_script_system.cpp:247]: Script system error!
  Error: remove_modifier effect [ Timed modifier rome_rebuilding_2 in scope object 国家 罗马帝国（88） not found. Make sure the modifier is in the same scope as this effect is being run on. ]
  Script location: common/journal_entries/rome_agenda_journal.txt:33

[02:23:18][jomini_script_system.cpp:247]: Script system error!
  Error: remove_modifier effect [ Timed modifier rome_rebuilding_3 in scope object 国家 罗马帝国（88） not found. Make sure the modifier is in the same scope as this effect is being run on. ]
  Script location: common/journal_entries/rome_agenda_journal.txt:34

[02:23:18][jomini_script_system.cpp:247]: Script system error!
  Error: remove_modifier effect [ Timed modifier rome_rebuilding_4 in scope object 国家 罗马帝国（88） not found. Make sure the modifier is in the same scope as this effect is being run on. ]
  Script location: common/journal_entries/rome_agenda_journal.txt:35

[02:23:18][jomini_script_system.cpp:247]: Script system error!
  Error: remove_modifier effect [ Timed modifier rome_viae_romanae in scope object 国家 罗马帝国（88） not found. Make sure the modifier is in the same scope as this effect is being run on. ]
  Script location: common/journal_entries/rome_agenda_journal.txt:36

[02:23:18][jomini_script_system.cpp:247]: Script system error!
  Error: remove_modifier effect [ Timed modifier rome_rebuilding_2 in scope object 国家 罗马帝国（88） not found. Make sure the modifier is in the same scope as this effect is being run on. ]
  Script location: common/journal_entries/rome_agenda_journal.txt:33

[02:23:18][jomini_script_system.cpp:247]: Script system error!
  Error: remove_modifier effect [ Timed modifier rome_rebuilding_3 in scope object 国家 罗马帝国（88） not found. Make sure the modifier is in the same scope as this effect is being run on. ]
  Script location: common/journal_entries/rome_agenda_journal.txt:34

[02:23:18][jomini_script_system.cpp:247]: Script system error!
  Error: remove_modifier effect [ Timed modifier rome_rebuilding_4 in scope object 国家 罗马帝国（88） not found. Make sure the modifier is in the same scope as this effect is being run on. ]
  Script location: common/journal_entries/rome_agenda_journal.txt:35

[02:23:18][jomini_script_system.cpp:247]: Script system error!
  Error: remove_modifier effect [ Timed modifier rome_viae_romanae in scope object 国家 罗马帝国（88） not found. Make sure the modifier is in the same scope as this effect is being run on. ]
  Script location: common/journal_entries/rome_agenda_journal.txt:36

[02:23:18][jomini_script_system.cpp:247]: Script system error!
  Error: remove_modifier effect [ Timed modifier rome_rebuilding_2 in scope object 国家 罗马帝国（88） not found. Make sure the modifier is in the same scope as this effect is being run on. ]
  Script location: common/journal_entries/rome_agenda_journal.txt:33

[02:23:18][jomini_script_system.cpp:247]: Script system error!
  Error: remove_modifier effect [ Timed modifier rome_rebuilding_3 in scope object 国家 罗马帝国（88） not found. Make sure the modifier is in the same scope as this effect is being run on. ]
  Script location: common/journal_entries/rome_agenda_journal.txt:34

[02:23:18][jomini_script_system.cpp:247]: Script system error!
  Error: remove_modifier effect [ Timed modifier rome_rebuilding_4 in scope object 国家 罗马帝国（88） not found. Make sure the modifier is in the same scope as this effect is being run on. ]
  Script location: common/journal_entries/rome_agenda_journal.txt:35

[02:23:18][jomini_script_system.cpp:247]: Script system error!
  Error: remove_modifier effect [ Timed modifier rome_viae_romanae in scope object 国家 罗马帝国（88） not found. Make sure the modifier is in the same scope as this effect is being run on. ]
  Script location: common/journal_entries/rome_agenda_journal.txt:36

[02:23:18][jomini_script_system.cpp:247]: Script system error!
  Error: remove_modifier effect [ Timed modifier rome_rebuilding_2 in scope object 国家 罗马帝国（88） not found. Make sure the modifier is in the same scope as this effect is being run on. ]
  Script location: common/journal_entries/rome_agenda_journal.txt:33

[02:23:18][jomini_script_system.cpp:247]: Script system error!
  Error: remove_modifier effect [ Timed modifier rome_rebuilding_3 in scope object 国家 罗马帝国（88） not found. Make sure the modifier is in the same scope as this effect is being run on. ]
  Script location: common/journal_entries/rome_agenda_journal.txt:34

[02:23:18][jomini_script_system.cpp:247]: Script system error!
  Error: remove_modifier effect [ Timed modifier rome_rebuilding_4 in scope object 国家 罗马帝国（88） not found. Make sure the modifier is in the same scope as this effect is being run on. ]
  Script location: common/journal_entries/rome_agenda_journal.txt:35

[02:23:18][jomini_script_system.cpp:247]: Script system error!
  Error: remove_modifier effect [ Timed modifier rome_viae_romanae in scope object 国家 罗马帝国（88） not found. Make sure the modifier is in the same scope as this effect is being run on. ]
  Script location: common/journal_entries/rome_agenda_journal.txt:36

[02:23:19][jomini_script_system.cpp:247]: Script system error!
  Error: remove_modifier effect [ Timed modifier rome_rebuilding_2 in scope object 国家 罗马帝国（88） not found. Make sure the modifier is in the same scope as this effect is being run on. ]
  Script location: common/journal_entries/rome_agenda_journal.txt:33

[02:23:19][jomini_script_system.cpp:247]: Script system error!
  Error: remove_modifier effect [ Timed modifier rome_rebuilding_3 in scope object 国家 罗马帝国（88） not found. Make sure the modifier is in the same scope as this effect is being run on. ]
  Script location: common/journal_entries/rome_agenda_journal.txt:34

[02:23:19][jomini_script_system.cpp:247]: Script system error!
  Error: remove_modifier effect [ Timed modifier rome_rebuilding_4 in scope object 国家 罗马帝国（88） not found. Make sure the modifier is in the same scope as this effect is being run on. ]
  Script location: common/journal_entries/rome_agenda_journal.txt:35

[02:23:19][jomini_script_system.cpp:247]: Script system error!
  Error: remove_modifier effect [ Timed modifier rome_viae_romanae in scope object 国家 罗马帝国（88） not found. Make sure the modifier is in the same scope as this effect is being run on. ]
  Script location: common/journal_entries/rome_agenda_journal.txt:36

[02:23:19][jomini_script_system.cpp:247]: Script system error!
  Error: remove_modifier effect [ Timed modifier rome_rebuilding_2 in scope object 国家 罗马帝国（88） not found. Make sure the modifier is in the same scope as this effect is being run on. ]
  Script location: common/journal_entries/rome_agenda_journal.txt:33

[02:23:19][jomini_script_system.cpp:247]: Script system error!
  Error: remove_modifier effect [ Timed modifier rome_rebuilding_3 in scope object 国家 罗马帝国（88） not found. Make sure the modifier is in the same scope as this effect is being run on. ]
  Script location: common/journal_entries/rome_agenda_journal.txt:34

[02:23:19][jomini_script_system.cpp:247]: Script system error!
  Error: remove_modifier effect [ Timed modifier rome_rebuilding_4 in scope object 国家 罗马帝国（88） not found. Make sure the modifier is in the same scope as this effect is being run on. ]
  Script location: common/journal_entries/rome_agenda_journal.txt:35

[02:23:19][jomini_script_system.cpp:247]: Script system error!
  Error: remove_modifier effect [ Timed modifier rome_viae_romanae in scope object 国家 罗马帝国（88） not found. Make sure the modifier is in the same scope as this effect is being run on. ]
  Script location: common/journal_entries/rome_agenda_journal.txt:36

[02:23:19][jomini_script_system.cpp:247]: Script system error!
  Error: remove_modifier effect [ Timed modifier rome_rebuilding_2 in scope object 国家 罗马帝国（88） not found. Make sure the modifier is in the same scope as this effect is being run on. ]
  Script location: common/journal_entries/rome_agenda_journal.txt:33

[02:23:19][jomini_script_system.cpp:247]: Script system error!
  Error: remove_modifier effect [ Timed modifier rome_rebuilding_3 in scope object 国家 罗马帝国（88） not found. Make sure the modifier is in the same scope as this effect is being run on. ]
  Script location: common/journal_entries/rome_agenda_journal.txt:34

[02:23:19][jomini_script_system.cpp:247]: Script system error!
  Error: remove_modifier effect [ Timed modifier rome_rebuilding_4 in scope object 国家 罗马帝国（88） not found. Make sure the modifier is in the same scope as this effect is being run on. ]
  Script location: common/journal_entries/rome_agenda_journal.txt:35

[02:23:19][jomini_script_system.cpp:247]: Script system error!
  Error: remove_modifier effect [ Timed modifier rome_viae_romanae in scope object 国家 罗马帝国（88） not found. Make sure the modifier is in the same scope as this effect is being run on. ]
  Script location: common/journal_entries/rome_agenda_journal.txt:36

[02:23:19][jomini_script_system.cpp:247]: Script system error!
  Error: remove_modifier effect [ Timed modifier rome_rebuilding_2 in scope object 国家 罗马帝国（88） not found. Make sure the modifier is in the same scope as this effect is being run on. ]
  Script location: common/journal_entries/rome_agenda_journal.txt:33

[02:23:19][jomini_script_system.cpp:247]: Script system error!
  Error: remove_modifier effect [ Timed modifier rome_rebuilding_3 in scope object 国家 罗马帝国（88） not found. Make sure the modifier is in the same scope as this effect is being run on. ]
  Script location: common/journal_entries/rome_agenda_journal.txt:34

[02:23:19][jomini_script_system.cpp:247]: Script system error!
  Error: remove_modifier effect [ Timed modifier rome_rebuilding_4 in scope object 国家 罗马帝国（88） not found. Make sure the modifier is in the same scope as this effect is being run on. ]
  Script location: common/journal_entries/rome_agenda_journal.txt:35

[02:23:19][jomini_script_system.cpp:247]: Script system error!
  Error: remove_modifier effect [ Timed modifier rome_viae_romanae in scope object 国家 罗马帝国（88） not found. Make sure the modifier is in the same scope as this effect is being run on. ]
  Script location: common/journal_entries/rome_agenda_journal.txt:36

[02:23:19][jomini_script_system.cpp:247]: Script system error!
  Error: remove_modifier effect [ Timed modifier rome_rebuilding_2 in scope object 国家 罗马帝国（88） not found. Make sure the modifier is in the same scope as this effect is being run on. ]
  Script location: common/journal_entries/rome_agenda_journal.txt:33

[02:23:19][jomini_script_system.cpp:247]: Script system error!
  Error: remove_modifier effect [ Timed modifier rome_rebuilding_3 in scope object 国家 罗马帝国（88） not found. Make sure the modifier is in the same scope as this effect is being run on. ]
  Script location: common/journal_entries/rome_agenda_journal.txt:34

[02:23:19][jomini_script_system.cpp:247]: Script system error!
  Error: remove_modifier effect [ Timed modifier rome_rebuilding_4 in scope object 国家 罗马帝国（88） not found. Make sure the modifier is in the same scope as this effect is being run on. ]
  Script location: common/journal_entries/rome_agenda_journal.txt:35

[02:23:19][jomini_script_system.cpp:247]: Script system error!
  Error: remove_modifier effect [ Timed modifier rome_viae_romanae in scope object 国家 罗马帝国（88） not found. Make sure the modifier is in the same scope as this effect is being run on. ]
  Script location: common/journal_entries/rome_agenda_journal.txt:36

[02:23:19][jomini_script_system.cpp:247]: Script system error!
  Error: remove_modifier effect [ Timed modifier rome_rebuilding_2 in scope object 国家 罗马帝国（88） not found. Make sure the modifier is in the same scope as this effect is being run on. ]
  Script location: common/journal_entries/rome_agenda_journal.txt:33

[02:23:19][jomini_script_system.cpp:247]: Script system error!
  Error: remove_modifier effect [ Timed modifier rome_rebuilding_3 in scope object 国家 罗马帝国（88） not found. Make sure the modifier is in the same scope as this effect is being run on. ]
  Script location: common/journal_entries/rome_agenda_journal.txt:34

[02:23:19][jomini_script_system.cpp:247]: Script system error!
  Error: remove_modifier effect [ Timed modifier rome_rebuilding_4 in scope object 国家 罗马帝国（88） not found. Make sure the modifier is in the same scope as this effect is being run on. ]
  Script location: common/journal_entries/rome_agenda_journal.txt:35

[02:23:19][jomini_script_system.cpp:247]: Script system error!
  Error: remove_modifier effect [ Timed modifier rome_viae_romanae in scope object 国家 罗马帝国（88） not found. Make sure the modifier is in the same scope as this effect is being run on. ]
  Script location: common/journal_entries/rome_agenda_journal.txt:36

[02:23:19][jomini_script_system.cpp:247]: Script system error!
  Error: remove_modifier effect [ Timed modifier rome_rebuilding_2 in scope object 国家 罗马帝国（88） not found. Make sure the modifier is in the same scope as this effect is being run on. ]
  Script location: common/journal_entries/rome_agenda_journal.txt:33

[02:23:19][jomini_script_system.cpp:247]: Script system error!
  Error: remove_modifier effect [ Timed modifier rome_rebuilding_3 in scope object 国家 罗马帝国（88） not found. Make sure the modifier is in the same scope as this effect is being run on. ]
  Script location: common/journal_entries/rome_agenda_journal.txt:34

[02:23:19][jomini_script_system.cpp:247]: Script system error!
  Error: remove_modifier effect [ Timed modifier rome_rebuilding_4 in scope object 国家 罗马帝国（88） not found. Make sure the modifier is in the same scope as this effect is being run on. ]
  Script location: common/journal_entries/rome_agenda_journal.txt:35

[02:23:19][jomini_script_system.cpp:247]: Script system error!
  Error: remove_modifier effect [ Timed modifier rome_viae_romanae in scope object 国家 罗马帝国（88） not found. Make sure the modifier is in the same scope as this effect is being run on. ]
  Script location: common/journal_entries/rome_agenda_journal.txt:36

[02:23:19][jomini_script_system.cpp:247]: Script system error!
  Error: remove_modifier effect [ Timed modifier rome_rebuilding_2 in scope object 国家 罗马帝国（88） not found. Make sure the modifier is in the same scope as this effect is being run on. ]
  Script location: common/journal_entries/rome_agenda_journal.txt:33

[02:23:19][jomini_script_system.cpp:247]: Script system error!
  Error: remove_modifier effect [ Timed modifier rome_rebuilding_3 in scope object 国家 罗马帝国（88） not found. Make sure the modifier is in the same scope as this effect is being run on. ]
  Script location: common/journal_entries/rome_agenda_journal.txt:34

[02:23:19][jomini_script_system.cpp:247]: Script system error!
  Error: remove_modifier effect [ Timed modifier rome_rebuilding_4 in scope object 国家 罗马帝国（88） not found. Make sure the modifier is in the same scope as this effect is being run on. ]
  Script location: common/journal_entries/rome_agenda_journal.txt:35

[02:23:19][jomini_script_system.cpp:247]: Script system error!
  Error: remove_modifier effect [ Timed modifier rome_viae_romanae in scope object 国家 罗马帝国（88） not found. Make sure the modifier is in the same scope as this effect is being run on. ]
  Script location: common/journal_entries/rome_agenda_journal.txt:36

[02:23:19][jomini_script_system.cpp:247]: Script system error!
  Error: remove_modifier effect [ Timed modifier rome_rebuilding_2 in scope object 国家 罗马帝国（88） not found. Make sure the modifier is in the same scope as this effect is being run on. ]
  Script location: common/journal_entries/rome_agenda_journal.txt:33

[02:23:19][jomini_script_system.cpp:247]: Script system error!
  Error: remove_modifier effect [ Timed modifier rome_rebuilding_3 in scope object 国家 罗马帝国（88） not found. Make sure the modifier is in the same scope as this effect is being run on. ]
  Script location: common/journal_entries/rome_agenda_journal.txt:34

[02:23:19][jomini_script_system.cpp:247]: Script system error!
  Error: remove_modifier effect [ Timed modifier rome_rebuilding_4 in scope object 国家 罗马帝国（88） not found. Make sure the modifier is in the same scope as this effect is being run on. ]
  Script location: common/journal_entries/rome_agenda_journal.txt:35

[02:23:19][jomini_script_system.cpp:247]: Script system error!
  Error: remove_modifier effect [ Timed modifier rome_viae_romanae in scope object 国家 罗马帝国（88） not found. Make sure the modifier is in the same scope as this effect is being run on. ]
  Script location: common/journal_entries/rome_agenda_journal.txt:36

[02:23:19][jomini_script_system.cpp:247]: Script system error!
  Error: remove_modifier effect [ Timed modifier rome_rebuilding_2 in scope object 国家 罗马帝国（88） not found. Make sure the modifier is in the same scope as this effect is being run on. ]
  Script location: common/journal_entries/rome_agenda_journal.txt:33

[02:23:19][jomini_script_system.cpp:247]: Script system error!
  Error: remove_modifier effect [ Timed modifier rome_rebuilding_3 in scope object 国家 罗马帝国（88） not found. Make sure the modifier is in the same scope as this effect is being run on. ]
  Script location: common/journal_entries/rome_agenda_journal.txt:34

[02:23:19][jomini_script_system.cpp:247]: Script system error!
  Error: remove_modifier effect [ Timed modifier rome_rebuilding_4 in scope object 国家 罗马帝国（88） not found. Make sure the modifier is in the same scope as this effect is being run on. ]
  Script location: common/journal_entries/rome_agenda_journal.txt:35

[02:23:19][jomini_script_system.cpp:247]: Script system error!
  Error: remove_modifier effect [ Timed modifier rome_viae_romanae in scope object 国家 罗马帝国（88） not found. Make sure the modifier is in the same scope as this effect is being run on. ]
  Script location: common/journal_entries/rome_agenda_journal.txt:36

[02:23:19][jomini_script_system.cpp:247]: Script system error!
  Error: remove_modifier effect [ Timed modifier rome_rebuilding_2 in scope object 国家 罗马帝国（88） not found. Make sure the modifier is in the same scope as this effect is being run on. ]
  Script location: common/journal_entries/rome_agenda_journal.txt:33

[02:23:19][jomini_script_system.cpp:247]: Script system error!
  Error: remove_modifier effect [ Timed modifier rome_rebuilding_3 in scope object 国家 罗马帝国（88） not found. Make sure the modifier is in the same scope as this effect is being run on. ]
  Script location: common/journal_entries/rome_agenda_journal.txt:34

[02:23:19][jomini_script_system.cpp:247]: Script system error!
  Error: remove_modifier effect [ Timed modifier rome_rebuilding_4 in scope object 国家 罗马帝国（88） not found. Make sure the modifier is in the same scope as this effect is being run on. ]
  Script location: common/journal_entries/rome_agenda_journal.txt:35

[02:23:19][jomini_script_system.cpp:247]: Script system error!
  Error: remove_modifier effect [ Timed modifier rome_viae_romanae in scope object 国家 罗马帝国（88） not found. Make sure the modifier is in the same scope as this effect is being run on. ]
  Script location: common/journal_entries/rome_agenda_journal.txt:36

[02:23:19][jomini_script_system.cpp:247]: Script system error!
  Error: remove_modifier effect [ Timed modifier rome_rebuilding_2 in scope object 国家 罗马帝国（88） not found. Make sure the modifier is in the same scope as this effect is being run on. ]
  Script location: common/journal_entries/rome_agenda_journal.txt:33

[02:23:19][jomini_script_system.cpp:247]: Script system error!
  Error: remove_modifier effect [ Timed modifier rome_rebuilding_3 in scope object 国家 罗马帝国（88） not found. Make sure the modifier is in the same scope as this effect is being run on. ]
  Script location: common/journal_entries/rome_agenda_journal.txt:34

[02:23:19][jomini_script_system.cpp:247]: Script system error!
  Error: remove_modifier effect [ Timed modifier rome_rebuilding_4 in scope object 国家 罗马帝国（88） not found. Make sure the modifier is in the same scope as this effect is being run on. ]
  Script location: common/journal_entries/rome_agenda_journal.txt:35

[02:23:19][jomini_script_system.cpp:247]: Script system error!
  Error: remove_modifier effect [ Timed modifier rome_viae_romanae in scope object 国家 罗马帝国（88） not found. Make sure the modifier is in the same scope as this effect is being run on. ]
  Script location: common/journal_entries/rome_agenda_journal.txt:36

[02:23:19][jomini_script_system.cpp:247]: Script system error!
  Error: remove_modifier effect [ Timed modifier rome_rebuilding_2 in scope object 国家 罗马帝国（88） not found. Make sure the modifier is in the same scope as this effect is being run on. ]
  Script location: common/journal_entries/rome_agenda_journal.txt:33

[02:23:19][jomini_script_system.cpp:247]: Script system error!
  Error: remove_modifier effect [ Timed modifier rome_rebuilding_3 in scope object 国家 罗马帝国（88） not found. Make sure the modifier is in the same scope as this effect is being run on. ]
  Script location: common/journal_entries/rome_agenda_journal.txt:34

[02:23:19][jomini_script_system.cpp:247]: Script system error!
  Error: remove_modifier effect [ Timed modifier rome_rebuilding_4 in scope object 国家 罗马帝国（88） not found. Make sure the modifier is in the same scope as this effect is being run on. ]
  Script location: common/journal_entries/rome_agenda_journal.txt:35

[02:23:19][jomini_script_system.cpp:247]: Script system error!
  Error: remove_modifier effect [ Timed modifier rome_viae_romanae in scope object 国家 罗马帝国（88） not found. Make sure the modifier is in the same scope as this effect is being run on. ]
  Script location: common/journal_entries/rome_agenda_journal.txt:36

[02:23:19][jomini_script_system.cpp:247]: Script system error!
  Error: remove_modifier effect [ Timed modifier rome_rebuilding_2 in scope object 国家 罗马帝国（88） not found. Make sure the modifier is in the same scope as this effect is being run on. ]
  Script location: common/journal_entries/rome_agenda_journal.txt:33

[02:23:19][jomini_script_system.cpp:247]: Script system error!
  Error: remove_modifier effect [ Timed modifier rome_rebuilding_3 in scope object 国家 罗马帝国（88） not found. Make sure the modifier is in the same scope as this effect is being run on. ]
  Script location: common/journal_entries/rome_agenda_journal.txt:34

[02:23:19][jomini_script_system.cpp:247]: Script system error!
  Error: remove_modifier effect [ Timed modifier rome_rebuilding_4 in scope object 国家 罗马帝国（88） not found. Make sure the modifier is in the same scope as this effect is being run on. ]
  Script location: common/journal_entries/rome_agenda_journal.txt:35

[02:23:19][jomini_script_system.cpp:247]: Script system error!
  Error: remove_modifier effect [ Timed modifier rome_viae_romanae in scope object 国家 罗马帝国（88） not found. Make sure the modifier is in the same scope as this effect is being run on. ]
  Script location: common/journal_entries/rome_agenda_journal.txt:36

[02:23:19][jomini_script_system.cpp:247]: Script system error!
  Error: remove_modifier effect [ Timed modifier rome_rebuilding_2 in scope object 国家 罗马帝国（88） not found. Make sure the modifier is in the same scope as this effect is being run on. ]
  Script location: common/journal_entries/rome_agenda_journal.txt:33

[02:23:19][jomini_script_system.cpp:247]: Script system error!
  Error: remove_modifier effect [ Timed modifier rome_rebuilding_3 in scope object 国家 罗马帝国（88） not found. Make sure the modifier is in the same scope as this effect is being run on. ]
  Script location: common/journal_entries/rome_agenda_journal.txt:34

[02:23:19][jomini_script_system.cpp:247]: Script system error!
  Error: remove_modifier effect [ Timed modifier rome_rebuilding_4 in scope object 国家 罗马帝国（88） not found. Make sure the modifier is in the same scope as this effect is being run on. ]
  Script location: common/journal_entries/rome_agenda_journal.txt:35

[02:23:19][jomini_script_system.cpp:247]: Script system error!
  Error: remove_modifier effect [ Timed modifier rome_viae_romanae in scope object 国家 罗马帝国（88） not found. Make sure the modifier is in the same scope as this effect is being run on. ]
  Script location: common/journal_entries/rome_agenda_journal.txt:36

[02:23:20][jomini_script_system.cpp:247]: Script system error!
  Error: remove_modifier effect [ Timed modifier rome_rebuilding_2 in scope object 国家 罗马帝国（88） not found. Make sure the modifier is in the same scope as this effect is being run on. ]
  Script location: common/journal_entries/rome_agenda_journal.txt:33

[02:23:20][jomini_script_system.cpp:247]: Script system error!
  Error: remove_modifier effect [ Timed modifier rome_rebuilding_3 in scope object 国家 罗马帝国（88） not found. Make sure the modifier is in the same scope as this effect is being run on. ]
  Script location: common/journal_entries/rome_agenda_journal.txt:34

[02:23:20][jomini_script_system.cpp:247]: Script system error!
  Error: remove_modifier effect [ Timed modifier rome_rebuilding_4 in scope object 国家 罗马帝国（88） not found. Make sure the modifier is in the same scope as this effect is being run on. ]
  Script location: common/journal_entries/rome_agenda_journal.txt:35

[02:23:20][jomini_script_system.cpp:247]: Script system error!
  Error: remove_modifier effect [ Timed modifier rome_viae_romanae in scope object 国家 罗马帝国（88） not found. Make sure the modifier is in the same scope as this effect is being run on. ]
  Script location: common/journal_entries/rome_agenda_journal.txt:36

[02:23:20][jomini_script_system.cpp:247]: Script system error!
  Error: remove_modifier effect [ Timed modifier rome_rebuilding_2 in scope object 国家 罗马帝国（88） not found. Make sure the modifier is in the same scope as this effect is being run on. ]
  Script location: common/journal_entries/rome_agenda_journal.txt:33

[02:23:20][jomini_script_system.cpp:247]: Script system error!
  Error: remove_modifier effect [ Timed modifier rome_rebuilding_3 in scope object 国家 罗马帝国（88） not found. Make sure the modifier is in the same scope as this effect is being run on. ]
  Script location: common/journal_entries/rome_agenda_journal.txt:34

[02:23:20][jomini_script_system.cpp:247]: Script system error!
  Error: remove_modifier effect [ Timed modifier rome_rebuilding_4 in scope object 国家 罗马帝国（88） not found. Make sure the modifier is in the same scope as this effect is being run on. ]
  Script location: common/journal_entries/rome_agenda_journal.txt:35

[02:23:20][jomini_script_system.cpp:247]: Script system error!
  Error: remove_modifier effect [ Timed modifier rome_viae_romanae in scope object 国家 罗马帝国（88） not found. Make sure the modifier is in the same scope as this effect is being run on. ]
  Script location: common/journal_entries/rome_agenda_journal.txt:36

[02:23:20][jomini_script_system.cpp:247]: Script system error!
  Error: remove_modifier effect [ Timed modifier rome_rebuilding_2 in scope object 国家 罗马帝国（88） not found. Make sure the modifier is in the same scope as this effect is being run on. ]
  Script location: common/journal_entries/rome_agenda_journal.txt:33

[02:23:20][jomini_script_system.cpp:247]: Script system error!
  Error: remove_modifier effect [ Timed modifier rome_rebuilding_3 in scope object 国家 罗马帝国（88） not found. Make sure the modifier is in the same scope as this effect is being run on. ]
  Script location: common/journal_entries/rome_agenda_journal.txt:34

[02:23:20][jomini_script_system.cpp:247]: Script system error!
  Error: remove_modifier effect [ Timed modifier rome_rebuilding_4 in scope object 国家 罗马帝国（88） not found. Make sure the modifier is in the same scope as this effect is being run on. ]
  Script location: common/journal_entries/rome_agenda_journal.txt:35

[02:23:20][jomini_script_system.cpp:247]: Script system error!
  Error: remove_modifier effect [ Timed modifier rome_viae_romanae in scope object 国家 罗马帝国（88） not found. Make sure the modifier is in the same scope as this effect is being run on. ]
  Script location: common/journal_entries/rome_agenda_journal.txt:36

[02:23:20][jomini_script_system.cpp:247]: Script system error!
  Error: remove_modifier effect [ Timed modifier rome_rebuilding_2 in scope object 国家 罗马帝国（88） not found. Make sure the modifier is in the same scope as this effect is being run on. ]
  Script location: common/journal_entries/rome_agenda_journal.txt:33

[02:23:20][jomini_script_system.cpp:247]: Script system error!
  Error: remove_modifier effect [ Timed modifier rome_rebuilding_3 in scope object 国家 罗马帝国（88） not found. Make sure the modifier is in the same scope as this effect is being run on. ]
  Script location: common/journal_entries/rome_agenda_journal.txt:34

[02:23:20][jomini_script_system.cpp:247]: Script system error!
  Error: remove_modifier effect [ Timed modifier rome_rebuilding_4 in scope object 国家 罗马帝国（88） not found. Make sure the modifier is in the same scope as this effect is being run on. ]
  Script location: common/journal_entries/rome_agenda_journal.txt:35

[02:23:20][jomini_script_system.cpp:247]: Script system error!
  Error: remove_modifier effect [ Timed modifier rome_viae_romanae in scope object 国家 罗马帝国（88） not found. Make sure the modifier is in the same scope as this effect is being run on. ]
  Script location: common/journal_entries/rome_agenda_journal.txt:36

[02:23:20][jomini_script_system.cpp:247]: Script system error!
  Error: remove_modifier effect [ Timed modifier rome_rebuilding_2 in scope object 国家 罗马帝国（88） not found. Make sure the modifier is in the same scope as this effect is being run on. ]
  Script location: common/journal_entries/rome_agenda_journal.txt:33

[02:23:20][jomini_script_system.cpp:247]: Script system error!
  Error: remove_modifier effect [ Timed modifier rome_rebuilding_3 in scope object 国家 罗马帝国（88） not found. Make sure the modifier is in the same scope as this effect is being run on. ]
  Script location: common/journal_entries/rome_agenda_journal.txt:34

[02:23:20][jomini_script_system.cpp:247]: Script system error!
  Error: remove_modifier effect [ Timed modifier rome_rebuilding_4 in scope object 国家 罗马帝国（88） not found. Make sure the modifier is in the same scope as this effect is being run on. ]
  Script location: common/journal_entries/rome_agenda_journal.txt:35

[02:23:20][jomini_script_system.cpp:247]: Script system error!
  Error: remove_modifier effect [ Timed modifier rome_viae_romanae in scope object 国家 罗马帝国（88） not found. Make sure the modifier is in the same scope as this effect is being run on. ]
  Script location: common/journal_entries/rome_agenda_journal.txt:36

[02:23:20][jomini_script_system.cpp:247]: Script system error!
  Error: remove_modifier effect [ Timed modifier rome_rebuilding_2 in scope object 国家 罗马帝国（88） not found. Make sure the modifier is in the same scope as this effect is being run on. ]
  Script location: common/journal_entries/rome_agenda_journal.txt:33

[02:23:20][jomini_script_system.cpp:247]: Script system error!
  Error: remove_modifier effect [ Timed modifier rome_rebuilding_3 in scope object 国家 罗马帝国（88） not found. Make sure the modifier is in the same scope as this effect is being run on. ]
  Script location: common/journal_entries/rome_agenda_journal.txt:34

[02:23:20][jomini_script_system.cpp:247]: Script system error!
  Error: remove_modifier effect [ Timed modifier rome_rebuilding_4 in scope object 国家 罗马帝国（88） not found. Make sure the modifier is in the same scope as this effect is being run on. ]
  Script location: common/journal_entries/rome_agenda_journal.txt:35

[02:23:20][jomini_script_system.cpp:247]: Script system error!
  Error: remove_modifier effect [ Timed modifier rome_viae_romanae in scope object 国家 罗马帝国（88） not found. Make sure the modifier is in the same scope as this effect is being run on. ]
  Script location: common/journal_entries/rome_agenda_journal.txt:36

[02:23:20][jomini_script_system.cpp:247]: Script system error!
  Error: remove_modifier effect [ Timed modifier rome_rebuilding_2 in scope object 国家 罗马帝国（88） not found. Make sure the modifier is in the same scope as this effect is being run on. ]
  Script location: common/journal_entries/rome_agenda_journal.txt:33

[02:23:20][jomini_script_system.cpp:247]: Script system error!
  Error: remove_modifier effect [ Timed modifier rome_rebuilding_3 in scope object 国家 罗马帝国（88） not found. Make sure the modifier is in the same scope as this effect is being run on. ]
  Script location: common/journal_entries/rome_agenda_journal.txt:34

[02:23:20][jomini_script_system.cpp:247]: Script system error!
  Error: remove_modifier effect [ Timed modifier rome_rebuilding_4 in scope object 国家 罗马帝国（88） not found. Make sure the modifier is in the same scope as this effect is being run on. ]
  Script location: common/journal_entries/rome_agenda_journal.txt:35

[02:23:20][jomini_script_system.cpp:247]: Script system error!
  Error: remove_modifier effect [ Timed modifier rome_viae_romanae in scope object 国家 罗马帝国（88） not found. Make sure the modifier is in the same scope as this effect is being run on. ]
  Script location: common/journal_entries/rome_agenda_journal.txt:36

[02:23:20][jomini_script_system.cpp:247]: Script system error!
  Error: remove_modifier effect [ Timed modifier rome_rebuilding_2 in scope object 国家 罗马帝国（88） not found. Make sure the modifier is in the same scope as this effect is being run on. ]
  Script location: common/journal_entries/rome_agenda_journal.txt:33

[02:23:20][jomini_script_system.cpp:247]: Script system error!
  Error: remove_modifier effect [ Timed modifier rome_rebuilding_3 in scope object 国家 罗马帝国（88） not found. Make sure the modifier is in the same scope as this effect is being run on. ]
  Script location: common/journal_entries/rome_agenda_journal.txt:34

[02:23:20][jomini_script_system.cpp:247]: Script system error!
  Error: remove_modifier effect [ Timed modifier rome_rebuilding_4 in scope object 国家 罗马帝国（88） not found. Make sure the modifier is in the same scope as this effect is being run on. ]
  Script location: common/journal_entries/rome_agenda_journal.txt:35

[02:23:20][jomini_script_system.cpp:247]: Script system error!
  Error: remove_modifier effect [ Timed modifier rome_viae_romanae in scope object 国家 罗马帝国（88） not found. Make sure the modifier is in the same scope as this effect is being run on. ]
  Script location: common/journal_entries/rome_agenda_journal.txt:36

[02:23:20][jomini_script_system.cpp:247]: Script system error!
  Error: remove_modifier effect [ Timed modifier rome_rebuilding_2 in scope object 国家 罗马帝国（88） not found. Make sure the modifier is in the same scope as this effect is being run on. ]
  Script location: common/journal_entries/rome_agenda_journal.txt:33

[02:23:20][jomini_script_system.cpp:247]: Script system error!
  Error: remove_modifier effect [ Timed modifier rome_rebuilding_3 in scope object 国家 罗马帝国（88） not found. Make sure the modifier is in the same scope as this effect is being run on. ]
  Script location: common/journal_entries/rome_agenda_journal.txt:34

[02:23:20][jomini_script_system.cpp:247]: Script system error!
  Error: remove_modifier effect [ Timed modifier rome_rebuilding_4 in scope object 国家 罗马帝国（88） not found. Make sure the modifier is in the same scope as this effect is being run on. ]
  Script location: common/journal_entries/rome_agenda_journal.txt:35

[02:23:20][jomini_script_system.cpp:247]: Script system error!
  Error: remove_modifier effect [ Timed modifier rome_viae_romanae in scope object 国家 罗马帝国（88） not found. Make sure the modifier is in the same scope as this effect is being run on. ]
  Script location: common/journal_entries/rome_agenda_journal.txt:36

[02:23:20][jomini_script_system.cpp:247]: Script system error!
  Error: remove_modifier effect [ Timed modifier rome_rebuilding_2 in scope object 国家 罗马帝国（88） not found. Make sure the modifier is in the same scope as this effect is being run on. ]
  Script location: common/journal_entries/rome_agenda_journal.txt:33

[02:23:20][jomini_script_system.cpp:247]: Script system error!
  Error: remove_modifier effect [ Timed modifier rome_rebuilding_3 in scope object 国家 罗马帝国（88） not found. Make sure the modifier is in the same scope as this effect is being run on. ]
  Script location: common/journal_entries/rome_agenda_journal.txt:34

[02:23:20][jomini_script_system.cpp:247]: Script system error!
  Error: remove_modifier effect [ Timed modifier rome_rebuilding_4 in scope object 国家 罗马帝国（88） not found. Make sure the modifier is in the same scope as this effect is being run on. ]
  Script location: common/journal_entries/rome_agenda_journal.txt:35

[02:23:20][jomini_script_system.cpp:247]: Script system error!
  Error: remove_modifier effect [ Timed modifier rome_viae_romanae in scope object 国家 罗马帝国（88） not found. Make sure the modifier is in the same scope as this effect is being run on. ]
  Script location: common/journal_entries/rome_agenda_journal.txt:36

[02:23:20][jomini_script_system.cpp:247]: Script system error!
  Error: remove_modifier effect [ Timed modifier rome_rebuilding_2 in scope object 国家 罗马帝国（88） not found. Make sure the modifier is in the same scope as this effect is being run on. ]
  Script location: common/journal_entries/rome_agenda_journal.txt:33

[02:23:20][jomini_script_system.cpp:247]: Script system error!
  Error: remove_modifier effect [ Timed modifier rome_rebuilding_3 in scope object 国家 罗马帝国（88） not found. Make sure the modifier is in the same scope as this effect is being run on. ]
  Script location: common/journal_entries/rome_agenda_journal.txt:34

[02:23:20][jomini_script_system.cpp:247]: Script system error!
  Error: remove_modifier effect [ Timed modifier rome_rebuilding_4 in scope object 国家 罗马帝国（88） not found. Make sure the modifier is in the same scope as this effect is being run on. ]
  Script location: common/journal_entries/rome_agenda_journal.txt:35

[02:23:20][jomini_script_system.cpp:247]: Script system error!
  Error: remove_modifier effect [ Timed modifier rome_viae_romanae in scope object 国家 罗马帝国（88） not found. Make sure the modifier is in the same scope as this effect is being run on. ]
  Script location: common/journal_entries/rome_agenda_journal.txt:36

[02:23:20][jomini_script_system.cpp:247]: Script system error!
  Error: remove_modifier effect [ Timed modifier rome_rebuilding_2 in scope object 国家 罗马帝国（88） not found. Make sure the modifier is in the same scope as this effect is being run on. ]
  Script location: common/journal_entries/rome_agenda_journal.txt:33

[02:23:20][jomini_script_system.cpp:247]: Script system error!
  Error: remove_modifier effect [ Timed modifier rome_rebuilding_3 in scope object 国家 罗马帝国（88） not found. Make sure the modifier is in the same scope as this effect is being run on. ]
  Script location: common/journal_entries/rome_agenda_journal.txt:34

[02:23:20][jomini_script_system.cpp:247]: Script system error!
  Error: remove_modifier effect [ Timed modifier rome_rebuilding_4 in scope object 国家 罗马帝国（88） not found. Make sure the modifier is in the same scope as this effect is being run on. ]
  Script location: common/journal_entries/rome_agenda_journal.txt:35

[02:23:20][jomini_script_system.cpp:247]: Script system error!
  Error: remove_modifier effect [ Timed modifier rome_viae_romanae in scope object 国家 罗马帝国（88） not found. Make sure the modifier is in the same scope as this effect is being run on. ]
  Script location: common/journal_entries/rome_agenda_journal.txt:36

[02:23:25][jomini_script_system.cpp:247]: Script system error!
  Error: is_adjacent_to_country trigger [ Invalid target country ]
  Script location: common/ai_strategies/00_default_strategy.txt:5450

[02:23:25][jomini_script_system.cpp:247]: Script system error!
  Error: is_adjacent_to_country trigger [ Invalid target country ]
  Script location: common/ai_strategies/00_default_strategy.txt:5450

[02:23:25][jomini_script_system.cpp:247]: Script system error!
  Error: is_adjacent_to_country trigger [ Invalid target country ]
  Script location: common/ai_strategies/00_default_strategy.txt:5406

[02:23:25][jomini_script_system.cpp:247]: Script system error!
  Error: is_adjacent_to_country trigger [ Invalid target country ]
  Script location: common/ai_strategies/00_default_strategy.txt:5406

[02:23:26][jomini_script_system.cpp:247]: Script system error!
  Error: is_adjacent_to_country trigger [ Invalid target country ]
  Script location: common/ai_strategies/00_default_strategy.txt:5450

[02:23:26][jomini_script_system.cpp:247]: Script system error!
  Error: is_adjacent_to_country trigger [ Invalid target country ]
  Script location: common/ai_strategies/00_default_strategy.txt:5406

[02:23:27][pdx_gui_widget.cpp:2295]: gui/right_click_menu.gui:16101 - Property 'margin_top'(816) not handled
[02:23:27][pdx_gui_widget.cpp:2295]: gui/right_click_menu.gui:16102 - Property 'margin_left'(814) not handled
[02:23:27][pdx_gui_factory.cpp:1658]: gui/right_click_menu.gui:16100 - Error setting properties for '' (widget)
[02:23:30][jomini_script_system.cpp:247]: Script system error!
  Error: is_adjacent_to_country trigger [ Invalid target country ]
  Script location: common/ai_strategies/00_default_strategy.txt:5450

[02:23:30][jomini_script_system.cpp:247]: Script system error!
  Error: is_adjacent_to_country trigger [ Invalid target country ]
  Script location: common/ai_strategies/00_default_strategy.txt:5406

[02:23:31][pdx_gui_widget.cpp:2295]: gui/right_click_menu.gui:16101 - Property 'margin_top'(816) not handled
[02:23:31][pdx_gui_widget.cpp:2295]: gui/right_click_menu.gui:16102 - Property 'margin_left'(814) not handled
[02:23:31][pdx_gui_factory.cpp:1658]: gui/right_click_menu.gui:16100 - Error setting properties for '' (widget)
[02:23:32][jomini_script_system.cpp:247]: Script system error!
  Error: is_adjacent_to_country trigger [ Invalid target country ]
  Script location: common/ai_strategies/00_default_strategy.txt:5450

[02:23:32][jomini_script_system.cpp:247]: Script system error!
  Error: is_adjacent_to_country trigger [ Invalid target country ]
  Script location: common/ai_strategies/00_default_strategy.txt:5406

[02:23:48][jomini_script_system.cpp:247]: Script system error!
  Error: is_adjacent_to_country trigger [ Invalid target country ]
  Script location: common/ai_strategies/00_default_strategy.txt:5450

[02:23:48][jomini_script_system.cpp:247]: Script system error!
  Error: is_adjacent_to_country trigger [ Invalid target country ]
  Script location: common/ai_strategies/00_default_strategy.txt:5406

[02:23:49][jomini_script_system.cpp:247]: Script system error!
  Error: is_adjacent_to_country trigger [ Invalid target country ]
  Script location: common/ai_strategies/00_default_strategy.txt:5450

[02:23:49][jomini_script_system.cpp:247]: Script system error!
  Error: is_adjacent_to_country trigger [ Invalid target country ]
  Script location: common/ai_strategies/00_default_strategy.txt:5406

[02:23:50][jomini_script_system.cpp:247]: Script system error!
  Error: is_adjacent_to_country trigger [ Invalid target country ]
  Script location: common/ai_strategies/00_default_strategy.txt:5450

[02:23:50][jomini_script_system.cpp:247]: Script system error!
  Error: is_adjacent_to_country trigger [ Invalid target country ]
  Script location: common/ai_strategies/00_default_strategy.txt:5406

[02:23:51][jomini_script_system.cpp:247]: Script system error!
  Error: is_adjacent_to_country trigger [ Invalid target country ]
  Script location: common/ai_strategies/00_default_strategy.txt:5450

[02:23:51][jomini_script_system.cpp:247]: Script system error!
  Error: is_adjacent_to_country trigger [ Invalid target country ]
  Script location: common/ai_strategies/00_default_strategy.txt:5450

[02:23:51][jomini_script_system.cpp:247]: Script system error!
  Error: is_adjacent_to_country trigger [ Invalid target country ]
  Script location: common/ai_strategies/00_default_strategy.txt:5406

[02:23:51][jomini_script_system.cpp:247]: Script system error!
  Error: is_adjacent_to_country trigger [ Invalid target country ]
  Script location: common/ai_strategies/00_default_strategy.txt:5406

[02:23:51][jomini_script_system.cpp:247]: Script system error!
  Error: is_adjacent_to_country trigger [ Invalid target country ]
  Script location: common/ai_strategies/00_default_strategy.txt:5450

[02:23:51][jomini_script_system.cpp:247]: Script system error!
  Error: is_adjacent_to_country trigger [ Invalid target country ]
  Script location: common/ai_strategies/00_default_strategy.txt:5406

[02:23:53][jomini_script_system.cpp:247]: Script system error!
  Error: is_adjacent_to_country trigger [ Invalid target country ]
  Script location: common/ai_strategies/00_default_strategy.txt:5450

[02:23:53][jomini_script_system.cpp:247]: Script system error!
  Error: is_adjacent_to_country trigger [ Invalid target country ]
  Script location: common/ai_strategies/00_default_strategy.txt:5406

[02:26:09][pdx_data_factory.cpp:1401]: Failed to find type '1' in '1.12'.
[02:26:09][pdx_data_factory.cpp:1408]: Could not find promote for '1' in '1.12'.
[02:26:09][pdx_data_factory.cpp:1092]: Failed converting statement for '1.12'
[02:26:09][pdx_data_localize.cpp:136]: Data error in loc string 'MISSING_DLC_ENTRY'
[02:26:09][pdx_data_factory.cpp:1401]: Failed to find type '1' in '1.12'.
[02:26:09][pdx_data_factory.cpp:1408]: Could not find promote for '1' in '1.12'.
[02:26:09][pdx_data_factory.cpp:1092]: Failed converting statement for '1.12'
[02:26:09][pdx_data_localize.cpp:136]: Data error in loc string 'MISSING_DLC_ENTRY'
[02:26:09][pdx_persistent_reader.cpp:268]: Error: "Failed to read key reference: allow_ztr_decolonization_content: allow_ztr_decolonization_content, near line: 1
Failed to read key reference: allow_ztr_historical_content: allow_ztr_historical_content, near line: 1
Failed to read key reference: no_ztr_pop_lag_fix: no_ztr_pop_lag_fix, near line: 1" in file: "" near line: 1
[02:26:10][jomini_script_system.cpp:247]: Script system error!
  Error: Event target link 'c' returned an unset scope
  Script location: common/journal_entries/00_sick_man.txt:7

[02:26:10][jomini_script_system.cpp:247]: Script system error!
  Error: Invalid left side during comparison 'c'
  Script location: common/journal_entries/00_sick_man.txt:7

[02:26:12][pdx_data_factory.cpp:1401]: Failed to find type '1' in '1.12'.
[02:26:12][pdx_data_factory.cpp:1408]: Could not find promote for '1' in '1.12'.
[02:26:12][pdx_data_factory.cpp:1092]: Failed converting statement for '1.12'
[02:26:12][pdx_data_localize.cpp:136]: Data error in loc string 'MISSING_DLC_ENTRY'
[02:26:12][pdx_data_factory.cpp:1401]: Failed to find type '1' in '1.12'.
[02:26:12][pdx_data_factory.cpp:1408]: Could not find promote for '1' in '1.12'.
[02:26:12][pdx_data_factory.cpp:1092]: Failed converting statement for '1.12'
[02:26:12][pdx_data_localize.cpp:136]: Data error in loc string 'MISSING_DLC_ENTRY'
[02:26:12][pdx_persistent_reader.cpp:268]: Error: "Failed to read key reference: allow_ztr_decolonization_content: allow_ztr_decolonization_content, near line: 1
Failed to read key reference: allow_ztr_historical_content: allow_ztr_historical_content, near line: 1
Failed to read key reference: no_ztr_pop_lag_fix: no_ztr_pop_lag_fix, near line: 1" in file: "" near line: 1
[02:26:19][pdx_data_factory.cpp:1401]: Failed to find type '1' in '1.12'.
[02:26:19][pdx_data_factory.cpp:1408]: Could not find promote for '1' in '1.12'.
[02:26:19][pdx_data_factory.cpp:1092]: Failed converting statement for '1.12'
[02:26:19][pdx_data_localize.cpp:136]: Data error in loc string 'MISSING_DLC_ENTRY'
[02:26:19][pdx_data_factory.cpp:1401]: Failed to find type '1' in '1.12'.
[02:26:19][pdx_data_factory.cpp:1408]: Could not find promote for '1' in '1.12'.
[02:26:19][pdx_data_factory.cpp:1092]: Failed converting statement for '1.12'
[02:26:19][pdx_data_localize.cpp:136]: Data error in loc string 'MISSING_DLC_ENTRY'
[02:26:19][pdx_persistent_reader.cpp:268]: Error: "Failed to read key reference: allow_ztr_decolonization_content: allow_ztr_decolonization_content, near line: 1
Failed to read key reference: allow_ztr_historical_content: allow_ztr_historical_content, near line: 1
Failed to read key reference: no_ztr_pop_lag_fix: no_ztr_pop_lag_fix, near line: 1" in file: "" near line: 1
[02:26:22][pdx_data_factory.cpp:1401]: Failed to find type '1' in '1.12'.
[02:26:22][pdx_data_factory.cpp:1408]: Could not find promote for '1' in '1.12'.
[02:26:22][pdx_data_factory.cpp:1092]: Failed converting statement for '1.12'
[02:26:22][pdx_data_localize.cpp:136]: Data error in loc string 'MISSING_DLC_ENTRY'
[02:26:22][pdx_data_factory.cpp:1401]: Failed to find type '1' in '1.12'.
[02:26:22][pdx_data_factory.cpp:1408]: Could not find promote for '1' in '1.12'.
[02:26:22][pdx_data_factory.cpp:1092]: Failed converting statement for '1.12'
[02:26:22][pdx_data_localize.cpp:136]: Data error in loc string 'MISSING_DLC_ENTRY'
[02:26:22][pdx_persistent_reader.cpp:268]: Error: "Failed to read key reference: allow_ztr_decolonization_content: allow_ztr_decolonization_content, near line: 1
Failed to read key reference: allow_ztr_historical_content: allow_ztr_historical_content, near line: 1
Failed to read key reference: no_ztr_pop_lag_fix: no_ztr_pop_lag_fix, near line: 1" in file: "" near line: 1
[02:27:11][pdx_data_callstack.cpp:52]: Promote 'FindChild' returned nullptr, in 'PdxGuiWidget.FindChild('interest_group_top').TriggerAnimation('show')'
[02:27:11][pdx_data_callstack.cpp:52]: Promote 'FindChild' returned nullptr, in 'PdxGuiWidget.FindChild('interest_group_top').TriggerAnimation('show')'
[02:27:11][pdx_data_callstack.cpp:52]: Promote 'FindChild' returned nullptr, in 'PdxGuiWidget.FindChild('interest_group_top').TriggerAnimation('show')'
[02:28:21][jomini_script_system.cpp:247]: Script system error!
  Error: is_adjacent_to_country trigger [ Invalid target country ]
  Script location: common/ai_strategies/00_default_strategy.txt:5450

[02:28:21][jomini_script_system.cpp:247]: Script system error!
  Error: is_adjacent_to_country trigger [ Invalid target country ]
  Script location: common/ai_strategies/00_default_strategy.txt:5406

[02:28:23][jomini_script_system.cpp:247]: Script system error!
  Error: is_adjacent_to_country trigger [ Invalid target country ]
  Script location: common/ai_strategies/00_default_strategy.txt:5450

[02:28:23][jomini_script_system.cpp:247]: Script system error!
  Error: is_adjacent_to_country trigger [ Invalid target country ]
  Script location: common/ai_strategies/00_default_strategy.txt:5406

[02:28:27][jomini_script_system.cpp:247]: Script system error!
  Error: is_adjacent_to_country trigger [ Invalid target country ]
  Script location: common/ai_strategies/00_default_strategy.txt:5450

[02:28:27][jomini_script_system.cpp:247]: Script system error!
  Error: is_adjacent_to_country trigger [ Invalid target country ]
  Script location: common/ai_strategies/00_default_strategy.txt:5406

[02:28:47][jomini_script_system.cpp:247]: Script system error!
  Error: is_adjacent_to_country trigger [ Invalid target country ]
  Script location: common/ai_strategies/00_default_strategy.txt:5450

[02:28:47][jomini_script_system.cpp:247]: Script system error!
  Error: is_adjacent_to_country trigger [ Invalid target country ]
  Script location: common/ai_strategies/00_default_strategy.txt:5406

[02:28:47][jomini_script_system.cpp:247]: Script system error!
  Error: is_adjacent_to_country trigger [ Invalid target country ]
  Script location: common/ai_strategies/00_default_strategy.txt:5450

[02:28:47][jomini_script_system.cpp:247]: Script system error!
  Error: is_adjacent_to_country trigger [ Invalid target country ]
  Script location: common/ai_strategies/00_default_strategy.txt:5406

[02:28:47][jomini_script_system.cpp:247]: Script system error!
  Error: is_adjacent_to_country trigger [ Invalid target country ]
  Script location: common/ai_strategies/00_default_strategy.txt:5450

[02:28:47][jomini_script_system.cpp:247]: Script system error!
  Error: is_adjacent_to_country trigger [ Invalid target country ]
  Script location: common/ai_strategies/00_default_strategy.txt:5406

